good_id,product,subgroup,group,department
8090100001,ЗОЛОТАЯ БОЧКА св.пиво0.5L,"Пиво отечествен.емк.0,5л и менее",Пиво,Пиво
8090100002,ЗОЛ.БОЧ.классика пиво0.5L,"Пиво отечествен.емк.0,5л и менее",Пиво,Пиво
8090100003,ЗОЛОТАЯ БОЧКАвыд.пиво0.5L,"Пиво отечествен.емк.0,5л и менее",Пиво,Пиво
8090100004,STAROPRAMEN      пиво0.5L,"Пиво отечествен.емк.0,5л и менее",Пиво,Пиво
8090100005,HOLSTEN Калуга св.пив0.5L,"Пиво отечествен.емк.0,5л и менее",Пиво,Пиво
8090100006,HOLSTEN Калуга  пиво0.33L,"Пиво отечествен.емк.0,5л и менее",Пиво,Пиво
8090100007,MILLER бут.     пиво0.33L,"Пиво отечествен.емк.0,5л и менее",Пиво,Пиво
8090100008,БАЛТИКА1 светлое пиво0.5L,"Пиво отечествен.емк.0,5л и менее",Пиво,Пиво
8090100009,БАЛТИКА3 классич.пиво0.5L,"Пиво отечествен.емк.0,5л и менее",Пиво,Пиво
8090100010,БАЛТИКА4 темное  пиво0.5L,"Пиво отечествен.емк.0,5л и менее",Пиво,Пиво
8090100011,ТРИ БОГАТЫРЯ св. пиво0.5L,"Пиво отечествен.емк.0,5л и менее",Пиво,Пиво
8090100012,БАЛТИКА6 порт.бут.пив0.5L,"Пиво отечествен.емк.0,5л и менее",Пиво,Пиво
8090100014,БАЛТИКА9 крепкое пиво0.5L,"Пиво отечествен.емк.0,5л и менее",Пиво,Пиво
8090100015,БАЛТИКА10 юбил. пиво0.33L,"Пиво отечествен.емк.0,5л и менее",Пиво,Пиво
8090100016,КЛИНСКОЕ спец.  пиво 0.5L,"Пиво отечествен.емк.0,5л и менее",Пиво,Пиво
8090100017,КЛИНСКОЕ светлое пиво0.5L,"Пиво отечествен.емк.0,5л и менее",Пиво,Пиво
8090100018,КЛИНСКОЕ ямское пиво 0.5L,"Пиво отечествен.емк.0,5л и менее",Пиво,Пиво
8090100019,КЛИНСКОЕ зол.св.пиво0.33L,"Пиво отечествен.емк.0,5л и менее",Пиво,Пиво
8090100020,КЛИНСКОЕ люкс   пиво0.33L,"Пиво отечествен.емк.0,5л и менее",Пиво,Пиво
8090100021,КЛИНСКОЕ престиж.пив0.33L,"Пиво отечествен.емк.0,5л и менее",Пиво,Пиво
8090100022,ЯРПИВО оригинал. пиво0.5L,"Пиво отечествен.емк.0,5л и менее",Пиво,Пиво
8090100023,ЯРПИВО элитное   пиво0.5L,"Пиво отечествен.емк.0,5л и менее",Пиво,Пиво
8090100024,ЯРПИВО янтарное  пиво0.5L,"Пиво отечествен.емк.0,5л и менее",Пиво,Пиво
8090100025,ЯРПИВО темное    пиво0.5L,"Пиво отечествен.емк.0,5л и менее",Пиво,Пиво
8090100026,ЯРПИВО классичес.пиво0.5L,"Пиво отечествен.емк.0,5л и менее",Пиво,Пиво
8090100027,пиво/0.33л/темное/АФАНАСИ,"Пиво отечествен.емк.0,5л и менее",Пиво,Пиво
8090100028,пиво/0.5л/темное/АФАНАСИЙ,"Пиво отечествен.емк.0,5л и менее",Пиво,Пиво
8090100029,пиво/0.5л/свет/СОКОЛ ICE,"Пиво отечествен.емк.0,5л и менее",Пиво,Пиво
8090100030,СОКОЛ 4.0% свет. пиво0.5L,"Пиво отечествен.емк.0,5л и менее",Пиво,Пиво
8090100031,пиво/0.33л/свет/АФАНАСИЙ,"Пиво отечествен.емк.0,5л и менее",Пиво,Пиво
8090100032,АФАНАСИЙ светлое пиво0.5L,"Пиво отечествен.емк.0,5л и менее",Пиво,Пиво
8090100033,пиво/0.5л/свет/СОКОЛ ОСОБ,"Пиво отечествен.емк.0,5л и менее",Пиво,Пиво
8090100034,ЗОЛОТИСТОЕ       пиво0.5L,"Пиво отечествен.емк.0,5л и менее",Пиво,Пиво
8090100035,БЕЛ.МЕДВ.крепкое пиво0.5L,"Пиво отечествен.емк.0,5л и менее",Пиво,Пиво
8090100036,STELLA ARTOISсв.пиво0.33L,"Пиво отечествен.емк.0,5л и менее",Пиво,Пиво
8090100037,STELLA ARTOIS    пиво0.5L,"Пиво отечествен.емк.0,5л и менее",Пиво,Пиво
8090100038,пиво/0.5л/легкое/ТОЛСТЯК,"Пиво отечествен.емк.0,5л и менее",Пиво,Пиво
8090100039,ТОЛСТЯК доброе   пиво0.5L,"Пиво отечествен.емк.0,5л и менее",Пиво,Пиво
8090100040,пиво/0.5л/сильное/ТОЛСТЯК,"Пиво отечествен.емк.0,5л и менее",Пиво,Пиво
8090100041,пиво/0.5л/темное/ТОЛСТЯК,"Пиво отечествен.емк.0,5л и менее",Пиво,Пиво
8090100042,ТОЛСТЯК заборист.пиво0.5L,"Пиво отечествен.емк.0,5л и менее",Пиво,Пиво
8090100043,ТУБОРГголд лейб пиво0.33L,"Пиво отечествен.емк.0,5л и менее",Пиво,Пиво
8090100044,ТУБОРГголд лейбл пиво0.5L,"Пиво отечествен.емк.0,5л и менее",Пиво,Пиво
8090100045,НЕВСКОЕ светлое  пиво0.5L,"Пиво отечествен.емк.0,5л и менее",Пиво,Пиво
8090100046,НЕВСКОЕ свет.ж/б пиво0.5L,"Пиво отечествен.емк.0,5л и менее",Пиво,Пиво
8090100047,НЕВСКОЕ клас.бут.пиво0.5L,"Пиво отечествен.емк.0,5л и менее",Пиво,Пиво
8090100048,НЕВСКОЕ клас.ж/б пиво0.5L,"Пиво отечествен.емк.0,5л и менее",Пиво,Пиво
8090100049,пиво/0.5л/свет/AMSTERDAM,"Пиво отечествен.емк.0,5л и менее",Пиво,Пиво
8090100050,НЕВСКОЕ оригин. пиво0.33L,"Пиво отечествен.емк.0,5л и менее",Пиво,Пиво
8090100051,НЕВСКОЕ ориг.ж/б пиво0.5L,"Пиво отечествен.емк.0,5л и менее",Пиво,Пиво
8090100052,пиво/0.33л/николай синебр,"Пиво отечествен.емк.0,5л и менее",Пиво,Пиво
8090100053,БОЧКАРЕВ светлое пиво0.5L,"Пиво отечествен.емк.0,5л и менее",Пиво,Пиво
8090100054,БОЧКАРЕВ св.ж/б  пиво0.5L,"Пиво отечествен.емк.0,5л и менее",Пиво,Пиво
8090100055,БОЧКАРЕВ бочков. пиво0.5L,"Пиво отечествен.емк.0,5л и менее",Пиво,Пиво
8090100056,БОЧКАРЕВ крепкое пиво0.5L,"Пиво отечествен.емк.0,5л и менее",Пиво,Пиво
8090100057,БОЧКАРЕВ охота св.пив0.5L,"Пиво отечествен.емк.0,5л и менее",Пиво,Пиво
8090100058,БОЧКАРЕВ охота кр.пив0.5L,"Пиво отечествен.емк.0,5л и менее",Пиво,Пиво
8090100059,БОЧКАРЕВ юнкерск.пиво0.5L,"Пиво отечествен.емк.0,5л и менее",Пиво,Пиво
8090100060,пиво/0.5л/обломов/БОЧКАРЕ,"Пиво отечествен.емк.0,5л и менее",Пиво,Пиво
8090100061,LOWENBRAU оригин.пиво0.5L,"Пиво отечествен.емк.0,5л и менее",Пиво,Пиво
8090100062,LOWENBRAU ор.ж/б пиво0.5L,"Пиво отечествен.емк.0,5л и менее",Пиво,Пиво
8090100063,пиво/0.5л/марочное/БОЧКАР,"Пиво отечествен.емк.0,5л и менее",Пиво,Пиво
8090100064,БОЧКАРЕВ пшенич. пиво0.5L,"Пиво отечествен.емк.0,5л и менее",Пиво,Пиво
8090100065,СИБ.КОРОНА празд.пиво0.5L,"Пиво отечествен.емк.0,5л и менее",Пиво,Пиво
8090100066,ГЕССЕР          пиво0.33L,"Пиво отечествен.емк.0,5л и менее",Пиво,Пиво
8090100067,ГЕССЕР           пиво0.5L,"Пиво отечествен.емк.0,5л и менее",Пиво,Пиво
8090100068,ГЕССЕР ж/б       пиво0.5L,"Пиво отечествен.емк.0,5л и менее",Пиво,Пиво
8090100069,СИБ.КОРОНА класc.пиво0.5L,"Пиво отечествен.емк.0,5л и менее",Пиво,Пиво
8090100070,пиво/0.5л/сиб кор оригина,"Пиво отечествен.емк.0,5л и менее",Пиво,Пиво
8090100071,ТИНЬКОФФ платин.пиво0.33L,"Пиво отечествен.емк.0,5л и менее",Пиво,Пиво
8090100072,пиво/0.33л/свет/ТИНЬК БОК,"Пиво отечествен.емк.0,5л и менее",Пиво,Пиво
8090100073,СТ.РАЗИН специал.пиво0.5L,"Пиво отечествен.емк.0,5л и менее",Пиво,Пиво
8090100074,СТ.РАЗИН адмирал.пиво0.5L,"Пиво отечествен.емк.0,5л и менее",Пиво,Пиво
8090100075,СТ.РАЗИН петровс.пиво0.5L,"Пиво отечествен.емк.0,5л и менее",Пиво,Пиво
8090100076,ДОКТОР ДИЗЕЛЬж/б пиво0.5L,"Пиво отечествен.емк.0,5л и менее",Пиво,Пиво
8090100077,ТРИ МЕДВЕДЯ ж/б  пиво0.5L,"Пиво отечествен.емк.0,5л и менее",Пиво,Пиво
8090100078,ТРИ МЕДВЕДЯ светл.пив0.5L,"Пиво отечествен.емк.0,5л и менее",Пиво,Пиво
8090100079,ДОКТОР ДИЗЕЛЬ    пиво0.5L,"Пиво отечествен.емк.0,5л и менее",Пиво,Пиво
8090100080,ТРИ МЕДВЕДЯ     пиво0.33L,"Пиво отечествен.емк.0,5л и менее",Пиво,Пиво
8090100081,пиво/0.33л/доктор дизель,"Пиво отечествен.емк.0,5л и менее",Пиво,Пиво
8090100082,пиво/0.5л/рэд булл/РЭД БУ,"Пиво отечествен.емк.0,5л и менее",Пиво,Пиво
8090100083,пиво/0.33л/свет/КОТАЙК,"Пиво отечествен.емк.0,5л и менее",Пиво,Пиво
8090100084,КОТАЙК светлое   пиво0.5L,"Пиво отечествен.емк.0,5л и менее",Пиво,Пиво
8090100085,пиво/0.33л/свет/ЭРЕБУНИ,"Пиво отечествен.емк.0,5л и менее",Пиво,Пиво
8090100086,пиво/0.5л/свет/ЭРЕБУНИ,"Пиво отечествен.емк.0,5л и менее",Пиво,Пиво
8090100087,пиво/0.5л/свет/КАСТЕЛЬ,"Пиво отечествен.емк.0,5л и менее",Пиво,Пиво
8090100088,пиво/0.5л/свет/КАСТЕЛЬ,"Пиво отечествен.емк.0,5л и менее",Пиво,Пиво
8090100089,пиво/0.5л/свет/АРГО,"Пиво отечествен.емк.0,5л и менее",Пиво,Пиво
8090100090,пиво/0.5л/свет/ХЫРДАЛАН,"Пиво отечествен.емк.0,5л и менее",Пиво,Пиво
8090100091,пиво/0.35л/свет/СТЕПАН ЗО,"Пиво отечествен.емк.0,5л и менее",Пиво,Пиво
8090100092,пиво/0.35л/свет/СТЕПАН КА,"Пиво отечествен.емк.0,5л и менее",Пиво,Пиво
8090100093,пиво/0.5л/свет/СТЕПАН КА,"Пиво отечествен.емк.0,5л и менее",Пиво,Пиво
8090100094,EFES PILS.св.бут.пиво0.5L,"Пиво отечествен.емк.0,5л и менее",Пиво,Пиво
8090100095,EFES PILS.св.ж/б пиво0.5L,"Пиво отечествен.емк.0,5л и менее",Пиво,Пиво
8090100096,EFES PILSENэкс.св.пив0.5L,"Пиво отечествен.емк.0,5л и менее",Пиво,Пиво
8090100097,СТ.МЕЛЬН.св.бут. пиво0.5L,"Пиво отечествен.емк.0,5л и менее",Пиво,Пиво
8090100098,СТ.МЕЛЬН.крепкое пиво0.5L,"Пиво отечествен.емк.0,5л и менее",Пиво,Пиво
8090100099,СТ.МЕЛЬН.темное  пиво0.5L,"Пиво отечествен.емк.0,5л и менее",Пиво,Пиво
8090100100,БАЛТИКА8 пшен.бут.пив0.5L,"Пиво отечествен.емк.0,5л и менее",Пиво,Пиво
8090100101,БАЛТИКА9 кр.ж/б  пиво0.5L,"Пиво отечествен.емк.0,5л и менее",Пиво,Пиво
8090100102,БОЧКАРЕВ кр.ж/б  пиво0.5L,"Пиво отечествен.емк.0,5л и менее",Пиво,Пиво
8090100103,СОЛОДОВ свет.ж/б пиво0.5L,"Пиво отечествен.емк.0,5л и менее",Пиво,Пиво
8090100104,СОЛОДОВ клас.ж/б пиво0.5L,"Пиво отечествен.емк.0,5л и менее",Пиво,Пиво
8090100105,СОЛОДОВ классич. пиво0.5L,"Пиво отечествен.емк.0,5л и менее",Пиво,Пиво
8090100106,ТРИ МЕДВЕДЯ свет.пиво0.5L,"Пиво отечествен.емк.0,5л и менее",Пиво,Пиво
8090100107,пиво/0.33л/столич премиум,"Пиво отечествен.емк.0,5л и менее",Пиво,Пиво
8090100108,ОЧАКОВО специал. пиво0.5L,"Пиво отечествен.емк.0,5л и менее",Пиво,Пиво
8090100109,ОЧАКОВО светлое  пиво0.5L,"Пиво отечествен.емк.0,5л и менее",Пиво,Пиво
8090100110,ОЧАКОВО классич. пиво0.5L,"Пиво отечествен.емк.0,5л и менее",Пиво,Пиво
8090100111,ОЧАКОВО оригинал.пиво0.5L,"Пиво отечествен.емк.0,5л и менее",Пиво,Пиво
8090100112,пиво/0.33л/очаков спецал/,"Пиво отечествен.емк.0,5л и менее",Пиво,Пиво
8090100113,ОЧАК.ст.прем.ж/б пиво0.5L,"Пиво отечествен.емк.0,5л и менее",Пиво,Пиво
8090100114,СОЛОДОВ светлое  пиво0.5L,"Пиво отечествен.емк.0,5л и менее",Пиво,Пиво
8090100115,БАЛТИКА7 экс.ж/б пиво0.5L,"Пиво отечествен.емк.0,5л и менее",Пиво,Пиво
8090100116,МОСКВ.гонец-янт. пиво0.5L,"Пиво отечествен.емк.0,5л и менее",Пиво,Пиво
8090100117,МОСКВ.гонец-зол. пиво0.5L,"Пиво отечествен.емк.0,5л и менее",Пиво,Пиво
8090100118,пиво/0.5л/гонец хмельн/ГО,"Пиво отечествен.емк.0,5л и менее",Пиво,Пиво
8090100119,пиво/0.5л/гонец бархат/ГО,"Пиво отечествен.емк.0,5л и менее",Пиво,Пиво
8090100120,ОБОЛОНЬ 2000     пиво0.5L,"Пиво отечествен.емк.0,5л и менее",Пиво,Пиво
8090100121,ОБОЛОНЬ бархатн. пиво0.5L,"Пиво отечествен.емк.0,5л и менее",Пиво,Пиво
8090100122,ОБОЛОНЬ лагер ж/б пив0.5L,"Пиво отечествен.емк.0,5л и менее",Пиво,Пиво
8090100123,ОБОЛОНЬ лагер   пиво0.33L,"Пиво отечествен.емк.0,5л и менее",Пиво,Пиво
8090100124,ОБОЛОНЬ лагер    пиво0.5L,"Пиво отечествен.емк.0,5л и менее",Пиво,Пиво
8090100125,ОБОЛОНЬ прем.ж/б пиво0.5L,"Пиво отечествен.емк.0,5л и менее",Пиво,Пиво
8090100126,ОБОЛОНЬ премиум пиво0.33L,"Пиво отечествен.емк.0,5л и менее",Пиво,Пиво
8090100127,ОБОЛОНЬ премиум  пиво0.5L,"Пиво отечествен.емк.0,5л и менее",Пиво,Пиво
8090100128,пиво/0.5л/княже особое/ПА,"Пиво отечествен.емк.0,5л и менее",Пиво,Пиво
8090100129,пиво/0.5л/советник/ПАТРА,"Пиво отечествен.емк.0,5л и менее",Пиво,Пиво
8090100130,ПИТ светлое      пиво0.5L,"Пиво отечествен.емк.0,5л и менее",Пиво,Пиво
8090100131,ПИТ крепкое ж/б  пиво0.5L,"Пиво отечествен.емк.0,5л и менее",Пиво,Пиво
8090100132,ПИТ крепкое      пиво0.5L,"Пиво отечествен.емк.0,5л и менее",Пиво,Пиво
8090100133,пиво/0.5л/патра класс,"Пиво отечествен.емк.0,5л и менее",Пиво,Пиво
8090100134,пиво/0.5л/темное/ПАТРА,"Пиво отечествен.емк.0,5л и менее",Пиво,Пиво
8090100135,ЯРПИВО ледяное   пиво0.5L,"Пиво отечествен.емк.0,5л и менее",Пиво,Пиво
8090100136,пиво/0.5л/обломов креп/БО,"Пиво отечествен.емк.0,5л и менее",Пиво,Пиво
8090100137,пиво/0.5л/отличное/БОЧКАР,"Пиво отечествен.емк.0,5л и менее",Пиво,Пиво
8090100138,пиво/0.33л/свет/БОЧКАРЕВ,"Пиво отечествен.емк.0,5л и менее",Пиво,Пиво
8090100139,EFES PILSEN.ж/б пиво0.33L,"Пиво отечествен.емк.0,5л и менее",Пиво,Пиво
8090100141,БОЧК.пшенич. ж/б пиво0.5L,"Пиво отечествен.емк.0,5л и менее",Пиво,Пиво
8090100142,ПИТ светлое ж/б  пиво0.5L,"Пиво отечествен.емк.0,5л и менее",Пиво,Пиво
8090100143,ЭДЕЛЬВЕЙС светл. пиво0.5L,"Пиво отечествен.емк.0,5л и менее",Пиво,Пиво
8090100144,пиво/0.5л/п/темн/ДОБРОЕ/А,"Пиво отечествен.емк.0,5л и менее",Пиво,Пиво
8090100145,пиво/0.5л/сиб кор праз/те,"Пиво отечествен.емк.0,5л и менее",Пиво,Пиво
8090100146,пиво/0.5л/арсенальное ї1,"Пиво отечествен.емк.0,5л и менее",Пиво,Пиво
8090100147,пиво/0.5л/арсенальное ї9,"Пиво отечествен.емк.0,5л и менее",Пиво,Пиво
8090100148,АРСЕНАЛЬНОЕ5 тр. пиво0.5L,"Пиво отечествен.емк.0,5л и менее",Пиво,Пиво
8090100149,TUBORG Gold label пив0.5L,"Пиво отечествен.емк.0,5л и менее",Пиво,Пиво
8090100150,АРСЕНАЛЬНОЕ3 св. пиво0.5L,"Пиво отечествен.емк.0,5л и менее",Пиво,Пиво
8090100151,EFES PILSEN.св. пиво0.33L,"Пиво отечествен.емк.0,5л и менее",Пиво,Пиво
8090100152,пиво/0.33л/тёмн/ЭФЕС ПИЛС,"Пиво отечествен.емк.0,5л и менее",Пиво,Пиво
8090100153,EFES экстра ж/б  пиво0.5L,"Пиво отечествен.емк.0,5л и менее",Пиво,Пиво
8090100154,СТ.МЕЛЬН.св. ж/б пиво0.5L,"Пиво отечествен.емк.0,5л и менее",Пиво,Пиво
8090100155,ЯРПИВО янтар.ж/б пиво0.5L,"Пиво отечествен.емк.0,5л и менее",Пиво,Пиво
8090100156,ЯРПИВО ориг. ж/б пиво0.5L,"Пиво отечествен.емк.0,5л и менее",Пиво,Пиво
8090100157,ЯРПИВО крепк.ж/б пиво0.5L,"Пиво отечествен.емк.0,5л и менее",Пиво,Пиво
8090100158,ЯРПИВО светлое   пиво0.5L,"Пиво отечествен.емк.0,5л и менее",Пиво,Пиво
8090100159,пиво/0.5л/столич крепкое/,"Пиво отечествен.емк.0,5л и менее",Пиво,Пиво
8090100160,пиво/0.33л/столич крепкое,"Пиво отечествен.емк.0,5л и менее",Пиво,Пиво
8090100161,СТ.МЕЛЬН.креп.ж/б пив0.5L,"Пиво отечествен.емк.0,5л и менее",Пиво,Пиво
8090100162,КЕНИГСБЕРГ светл.пиво0.5L,"Пиво отечествен.емк.0,5л и менее",Пиво,Пиво
8090100163,пиво/0.33л/свет/СОКОЛ ICE,"Пиво отечествен.емк.0,5л и менее",Пиво,Пиво
8090100165,пиво/0.33л*4/набор стелла,"Пиво отечествен.емк.0,5л и менее",Пиво,Пиво
8090100166,пиво/0.5л/золот бочка осо,"Пиво отечествен.емк.0,5л и менее",Пиво,Пиво
8090100168,ПАРНАС 5        пиво0.33L,"Пиво отечествен.емк.0,5л и менее",Пиво,Пиво
8090100169,ПАРНАС 5         пиво0.5L,"Пиво отечествен.емк.0,5л и менее",Пиво,Пиво
8090100170,пиво/0.5л/невское/крепкое,"Пиво отечествен.емк.0,5л и менее",Пиво,Пиво
8090100171,пиво/0.5л/классическое/РУ,"Пиво отечествен.емк.0,5л и менее",Пиво,Пиво
8090100172,пиво/0.5л/амстердам/навиг,"Пиво отечествен.емк.0,5л и менее",Пиво,Пиво
8090100173,пиво/0.33л/свет/СОКОЛ б/а,"Пиво отечествен.емк.0,5л и менее",Пиво,Пиво
8090100174,пиво/0.5л/классическое/РУ,"Пиво отечествен.емк.0,5л и менее",Пиво,Пиво
8090100175,ЭЛИТНОЕ ж/б      пиво0.5L,"Пиво отечествен.емк.0,5л и менее",Пиво,Пиво
8090100176,ОБОЛОНЬ свет.ж/б пиво0.5L,"Пиво отечествен.емк.0,5л и менее",Пиво,Пиво
8090100177,пиво/0.5л/очаков специал/,"Пиво отечествен.емк.0,5л и менее",Пиво,Пиво
8090100178,БЕЛ.МЕДВ.светлое пиво0.5L,"Пиво отечествен.емк.0,5л и менее",Пиво,Пиво
8090100179,БАЛТИКА8 пшенич.пиво0.33L,"Пиво отечествен.емк.0,5л и менее",Пиво,Пиво
8090100180,БОЧКАРЕВ б/а ж/б пиво0.5L,Пиво безалкогольное (все),Пиво,Пиво
8090100181,пиво/0.5л/балтика вишня,"Пиво отечествен.емк.0,5л и менее",Пиво,Пиво
8090100182,пиво/0.5л/балтика лимон,"Пиво отечествен.емк.0,5л и менее",Пиво,Пиво
8090100183,СТ.МЕЛЬН.кл.ж/б  пиво0.5L,"Пиво отечествен.емк.0,5л и менее",Пиво,Пиво
8090100184,СОЛОДОВ светлое  пиво0.5L,"Пиво отечествен.емк.0,5л и менее",Пиво,Пиво
8090100185,СТ.МЕЛЬН.клас.бут.пив0.5L,"Пиво отечествен.емк.0,5л и менее",Пиво,Пиво
8090100186,пиво/0.33л/оригин/НЕВСКОЕ,"Пиво отечествен.емк.0,5л и менее",Пиво,Пиво
8090100187,пиво/0.5л/классичес/СОКОЛ,"Пиво отечествен.емк.0,5л и менее",Пиво,Пиво
8090100188,ЗОЛОТ.БОЧКАж/б св.пив0.5L,"Пиво отечествен.емк.0,5л и менее",Пиво,Пиво
8090100189,пиво/0.5л/балтика апельси,"Пиво отечествен.емк.0,5л и менее",Пиво,Пиво
8090100190,БАЛТИКА5 зол.ж/б пиво0.5L,"Пиво отечествен.емк.0,5л и менее",Пиво,Пиво
8090100191,ПИТ экспорт      пиво0.5L,"Пиво отечествен.емк.0,5л и менее",Пиво,Пиво
8090100192,пиво/0.33л/адмирал темн/Э,"Пиво отечествен.емк.0,5л и менее",Пиво,Пиво
8090100193,пиво/0.33л/гладиат свет/Э,"Пиво отечествен.емк.0,5л и менее",Пиво,Пиво
8090100194,пиво/0.33л/гладиат тем/ЭЛ,"Пиво отечествен.емк.0,5л и менее",Пиво,Пиво
8090100195,пиво/0.33л/девят вал свет,"Пиво отечествен.емк.0,5л и менее",Пиво,Пиво
8090100196,СИБ.КОРОНАкл.ж/б пиво0.5L,"Пиво отечествен.емк.0,5л и менее",Пиво,Пиво
8090100197,СИБ.КОРОНА пр.ж/б пив0.5L,"Пиво отечествен.емк.0,5л и менее",Пиво,Пиво
8090100198,КЛИНСКОЕ св. ж/б пиво0.5L,"Пиво отечествен.емк.0,5л и менее",Пиво,Пиво
8090100199,КЛИНСКОЕ ЛЮКСж/б пиво0.5L,"Пиво отечествен.емк.0,5л и менее",Пиво,Пиво
8090100200,пиво/0.5л/светлое/КРАСНЫЙ,"Пиво отечествен.емк.0,5л и менее",Пиво,Пиво
8090100201,пиво/0.5л/светлое/КРАСНЫЙ,"Пиво отечествен.емк.0,5л и менее",Пиво,Пиво
8090100202,пиво/0.5л/классич/КРАСНЫЙ,"Пиво отечествен.емк.0,5л и менее",Пиво,Пиво
8090100203,пиво/0.5л/классич/КРАСНЫЙ,"Пиво отечествен.емк.0,5л и менее",Пиво,Пиво
8090100204,пиво/0.5л/крепкое/КРАСНЫЙ,"Пиво отечествен.емк.0,5л и менее",Пиво,Пиво
8090100205,пиво/0.5л/крепкое/КРАСНЫЙ,"Пиво отечествен.емк.0,5л и менее",Пиво,Пиво
8090100206,пиво/0.5л/оригинал/КРАСНЫ,"Пиво отечествен.емк.0,5л и менее",Пиво,Пиво
8090100207,пиво/0.5л/оригинал/КРАСНЫ,"Пиво отечествен.емк.0,5л и менее",Пиво,Пиво
8090100208,пиво/0.5л/светлое/РУСКИ,"Пиво отечествен.емк.0,5л и менее",Пиво,Пиво
8090100209,РУСКИ светлое    пиво0.5L,"Пиво отечествен.емк.0,5л и менее",Пиво,Пиво
8090100210,пиво/0.5л/богем светл/КРА,"Пиво отечествен.емк.0,5л и менее",Пиво,Пиво
8090100211,пиво/0.5л/богем темн/КРАС,"Пиво отечествен.емк.0,5л и менее",Пиво,Пиво
8090100212,КРАС.ВОСТОК green пив0.5L,"Пиво отечествен.емк.0,5л и менее",Пиво,Пиво
8090100213,пиво/0.5л/красное/КРАСНЫЙ,"Пиво отечествен.емк.0,5л и менее",Пиво,Пиво
8090100214,пиво/0.5л/русск черн/КРАС,"Пиво отечествен.емк.0,5л и менее",Пиво,Пиво
8090100215,пиво/0.5л/ак барс/КРАСНЫЙ,"Пиво отечествен.емк.0,5л и менее",Пиво,Пиво
8090100216,КРАС.ВОСТОК lager пив0.5L,"Пиво отечествен.емк.0,5л и менее",Пиво,Пиво
8090100217,пиво/0.5л/вост бавар/КРАС,"Пиво отечествен.емк.0,5л и менее",Пиво,Пиво
8090100218,пиво/0.5л/вост бавар/креп,"Пиво отечествен.емк.0,5л и менее",Пиво,Пиво
8090100219,пиво/0.5л/вост бавар/темн,"Пиво отечествен.емк.0,5л и менее",Пиво,Пиво
8090100220,НЕВСКОЕ оригин.  пиво0.5L,"Пиво отечествен.емк.0,5л и менее",Пиво,Пиво
8090100221,пиво/0.5л/хольстен фест/,"Пиво отечествен.емк.0,5л и менее",Пиво,Пиво
8090100222,ЖИГУЛЕВСКОЕ ржев пиво0.5L,"Пиво отечествен.емк.0,5л и менее",Пиво,Пиво
8090100223,пиво/0.5л/экспортное/БОЧК,"Пиво отечествен.емк.0,5л и менее",Пиво,Пиво
8090100224,АФАНАСИЙ пр/св жб пив0.5L,"Пиво отечествен.емк.0,5л и менее",Пиво,Пиво
8090100225,ЛЕГИОН класс.св. пиво0.5L,"Пиво отечествен.емк.0,5л и менее",Пиво,Пиво
8090100226,БОЧКАРЕВ бочк.ж/б пив0.5L,"Пиво отечествен.емк.0,5л и менее",Пиво,Пиво
8090100227,БОЧКАРЕВохота кр.пиво1.5L,Пиво отечествен.емк.более 0.5л,Пиво,Пиво
8090100228,БОЧКАРЕВохота св.пиво1.5L,Пиво отечествен.емк.более 0.5л,Пиво,Пиво
8090100229,HOLSTEN Festb.тем.пив0.5L,"Пиво отечествен.емк.0,5л и менее",Пиво,Пиво
8090100230,VELKOPOPOV.KOZEL пиво0.5L,Пиво импортное,Пиво,Пиво
8090100231,ВОЛЖАНИН светлое пиво0.5L,"Пиво отечествен.емк.0,5л и менее",Пиво,Пиво
8090100232,КЛИНСКОЕсветлое пиво0.33L,"Пиво отечествен.емк.0,5л и менее",Пиво,Пиво
8090100233,БОЧКАРЕВ экс.ж/б пиво0.5L,"Пиво отечествен.емк.0,5л и менее",Пиво,Пиво
8090100234,ДОКТ.ДИЗ.ДРАФж/б пиво0.5L,"Пиво отечествен.емк.0,5л и менее",Пиво,Пиво
8090100235,RED BULL ж/б     пиво0.5L,"Пиво отечествен.емк.0,5л и менее",Пиво,Пиво
8090100236,ДОКТОР ДИЗЕЛЬ   пиво0.33L,"Пиво отечествен.емк.0,5л и менее",Пиво,Пиво
8090100237,ПИТ б/а          пиво0.5L,Пиво безалкогольное (все),Пиво,Пиво
8090100238,КЕНИГСБЕРГ темн. пиво0.5L,"Пиво отечествен.емк.0,5л и менее",Пиво,Пиво
8090100239,БОЧК.охота экстр.пиво0.5L,"Пиво отечествен.емк.0,5л и менее",Пиво,Пиво
8090100240,КЛИНСКОЕ экстра  пиво0.5L,"Пиво отечествен.емк.0,5л и менее",Пиво,Пиво
8090100241,БАЛТИКА2ж/б кофе-пиво0.5L,"Пиво отечествен.емк.0,5л и менее",Пиво,Пиво
8090100242,HOLSTEN Калуг.ж/б пив0.5L,"Пиво отечествен.емк.0,5л и менее",Пиво,Пиво
8090100243,КЛИНСКОЕ экс.ж/б пиво0.5L,"Пиво отечествен.емк.0,5л и менее",Пиво,Пиво
8090100244,ТРИ МЕДВЕДЯкр.ж/б пив0.5L,"Пиво отечествен.емк.0,5л и менее",Пиво,Пиво
8090100245,ТРИ МЕДВЕДЯкрепк.пиво0.5L,"Пиво отечествен.емк.0,5л и менее",Пиво,Пиво
8090100246,КЛИНСКОЕ REDKOE  пиво0.5L,"Пиво отечествен.емк.0,5л и менее",Пиво,Пиво
8090100247,ВОЛЖАНИН Ахтуба  пиво0.5L,"Пиво отечествен.емк.0,5л и менее",Пиво,Пиво
8090100248,TUBORG Chris ж/б пиво0.5L,"Пиво отечествен.емк.0,5л и менее",Пиво,Пиво
8090100249,ПИТ экспорт ж/б  пиво0.5L,"Пиво отечествен.емк.0,5л и менее",Пиво,Пиво
8090100250,ПИТ б/а ж/б      пиво0.5L,Пиво безалкогольное (все),Пиво,Пиво
8090100251,СИБ.КОРОНА празд.пиво0.5L,"Пиво отечествен.емк.0,5л и менее",Пиво,Пиво
8090100252,СИБ.КОРОНАб/а ж/б пив0.5L,Пиво безалкогольное (все),Пиво,Пиво
8090100253,КЛИНСК.REDKOEж/б пиво0.5L,"Пиво отечествен.емк.0,5л и менее",Пиво,Пиво
8090100254,CARLSBERG св.бут.пиво0.5L,"Пиво отечествен.емк.0,5л и менее",Пиво,Пиво
8090100255,КЛИНСКОЕ б/а ж/б пиво0.5L,Пиво безалкогольное (все),Пиво,Пиво
8090100256,ТОЛСТЯК добр.ж/б пиво0.5L,"Пиво отечествен.емк.0,5л и менее",Пиво,Пиво
8090100257,ТОЛСТ.заборис.ж/б пив0.5L,"Пиво отечествен.емк.0,5л и менее",Пиво,Пиво
8090100258,СИБ.КОРОНА класс.пиво0.5L,"Пиво отечествен.емк.0,5л и менее",Пиво,Пиво
8090100259,VELKOPOPOV.KOZEL пиво0.5L,Пиво импортное,Пиво,Пиво
8090100260,СОЛОДОВ б/а      пиво0.5L,Пиво безалкогольное (все),Пиво,Пиво
8090100261,ВОЛЖАНИН Ахтуба  пиво1.5L,Пиво отечествен.емк.более 0.5л,Пиво,Пиво
8090100262,ОБОЛОНЬ магнат   пиво0.5L,"Пиво отечествен.емк.0,5л и менее",Пиво,Пиво
8090100263,СТ.РАЗИН крепкое пиво0.5L,"Пиво отечествен.емк.0,5л и менее",Пиво,Пиво
8090100264,ТРИ БОГАТЫРЯ ж/б пиво0.5L,"Пиво отечествен.емк.0,5л и менее",Пиво,Пиво
8090100265,STAROPRAMENсв.бут.пив0.5L,"Пиво отечествен.емк.0,5л и менее",Пиво,Пиво
8090100266,КЛИНСКОЕ экстра  пиво0.5L,"Пиво отечествен.емк.0,5л и менее",Пиво,Пиво
8090100267,КЛИНСКОЕ REDKOE  пиво0.5L,"Пиво отечествен.емк.0,5л и менее",Пиво,Пиво
8090100268,СИБ.КОРОНАкл.бут.пиво0.5L,"Пиво отечествен.емк.0,5л и менее",Пиво,Пиво
8090100269,СИБ.КОР.люкс креп.пив0.5L,"Пиво отечествен.емк.0,5л и менее",Пиво,Пиво
8090100270,ЗОЛ.БОЧК.GOLD св.пиво0.5L,"Пиво отечествен.емк.0,5л и менее",Пиво,Пиво
8090100271,ЗОЛ.БОЧ.GOLD ж/б пиво0.5L,"Пиво отечествен.емк.0,5л и менее",Пиво,Пиво
8090100272,СОЛОДОВ классич. пиво0.5L,"Пиво отечествен.емк.0,5л и менее",Пиво,Пиво
8090100273,ОЧАКОВО спец.бан.пиво0.5L,"Пиво отечествен.емк.0,5л и менее",Пиво,Пиво
8090100274,ЗОЛ.БОЧК.GOLD кл.пиво0.5L,"Пиво отечествен.емк.0,5л и менее",Пиво,Пиво
8090100275,НЕВСК.Триумф ж/б пиво0.5L,"Пиво отечествен.емк.0,5л и менее",Пиво,Пиво
8090100276,СИБ.КОРОНАкр.ж/б пиво0.5L,"Пиво отечествен.емк.0,5л и менее",Пиво,Пиво
8090100277,PAULANER ДУНК.тем.пив0.5L,Пиво импортное,Пиво,Пиво
8090100278,STAROPRAMEN ж/б  пиво0.5L,Пиво импортное,Пиво,Пиво
8090100279,КЛИНСКОЕ Самурай пиво0.5L,"Пиво отечествен.емк.0,5л и менее",Пиво,Пиво
8090100280,СИБ.КОРОНА белое пиво0.5L,"Пиво отечествен.емк.0,5л и менее",Пиво,Пиво
8090100281,ОЧАКОВО лагер    пиво0.5L,"Пиво отечествен.емк.0,5л и менее",Пиво,Пиво
8090100282,ОЧАКОВО пилс     пиво0.5L,"Пиво отечествен.емк.0,5л и менее",Пиво,Пиво
8090100283,ALTSTEIN         пиво0.5L,"Пиво отечествен.емк.0,5л и менее",Пиво,Пиво
8090100284,БАЛТИКА1 лег.ж/б пиво0.5L,"Пиво отечествен.емк.0,5л и менее",Пиво,Пиво
8090100285,БАЛТИКА5 бут.зол.пиво0.5L,"Пиво отечествен.емк.0,5л и менее",Пиво,Пиво
8090100286,CARLSBERG    ж/б пиво0.5L,"Пиво отечествен.емк.0,5л и менее",Пиво,Пиво
8090100287,БОЧКАРЕВ охот.ж/б пив0.5L,"Пиво отечествен.емк.0,5л и менее",Пиво,Пиво
8090100288,СОЛОДОВ б/а ж/б  пиво0.5L,Пиво безалкогольное (все),Пиво,Пиво
8090100289,ТРИ БОГАТЫРЯ боч.пиво0.5L,"Пиво отечествен.емк.0,5л и менее",Пиво,Пиво
8090100290,ALTSTEIN  банка  пиво0.5L,"Пиво отечествен.емк.0,5л и менее",Пиво,Пиво
8090100291,BUCKLER б/алк.   пиво0.5L,Пиво безалкогольное (все),Пиво,Пиво
8090100292,ЗОЛОТ.БОЧКАж/б кл.пив0.5L,"Пиво отечествен.емк.0,5л и менее",Пиво,Пиво
8090100293,АФАНАСИЙ крепкое пиво0.5L,"Пиво отечествен.емк.0,5л и менее",Пиво,Пиво
8090100294,АФАНАСИЙ классич.пиво0.5L,"Пиво отечествен.емк.0,5л и менее",Пиво,Пиво
8090100295,СТ.МЕЛЬНтемн.ж/б пиво0.5L,"Пиво отечествен.емк.0,5л и менее",Пиво,Пиво
8090100296,СТ.МЕЛЬН.зол.бут.пиво0.5L,"Пиво отечествен.емк.0,5л и менее",Пиво,Пиво
8090100297,СТ.МЕЛЬН.зол.ж/б пиво0.5L,"Пиво отечествен.емк.0,5л и менее",Пиво,Пиво
8090100298,ЧЕШСК.СТАНД.клас.пиво0.5L,"Пиво отечествен.емк.0,5л и менее",Пиво,Пиво
8090100299,ЧЕШСК.СТАНД.свет.пиво0.5L,"Пиво отечествен.емк.0,5л и менее",Пиво,Пиво
8090100300,ТРИ БОГАТ.ж/б боч.пив0.5L,"Пиво отечествен.емк.0,5л и менее",Пиво,Пиво
8090100301,VELKOP.KOZEL ж/б пиво0.5L,"Пиво отечествен.емк.0,5л и менее",Пиво,Пиво
8090100302,БАЛТИКА7экс.ж/б пив6*0.5L,"Пиво отечествен.емк.0,5л и менее",Пиво,Пиво
8090100303,БАЛТИКА9кр. ж/б пив6*0.5L,"Пиво отечествен.емк.0,5л и менее",Пиво,Пиво
8090100304,ТИНЬКОФФ темное пиво0.33L,"Пиво отечествен.емк.0,5л и менее",Пиво,Пиво
8090100305,ТИНЬКОФФзолотое пиво0.33L,"Пиво отечествен.емк.0,5л и менее",Пиво,Пиво
8090100306,АФАНАСИЙ ТВЕРСКОЕпиво0.5L,"Пиво отечествен.емк.0,5л и менее",Пиво,Пиво
8090100307,АФАНАСИЙ портер пиво0.33L,"Пиво отечествен.емк.0,5л и менее",Пиво,Пиво
8090100308,ЯРОСЛАВСКОЕ свет.пиво0.5L,"Пиво отечествен.емк.0,5л и менее",Пиво,Пиво
8090100309,ТУЛЬСКОЕ светлое пиво0.5L,"Пиво отечествен.емк.0,5л и менее",Пиво,Пиво
8090100310,ЯЧМ.КОЛОС золот. пиво0.5L,"Пиво отечествен.емк.0,5л и менее",Пиво,Пиво
8090100311,БОЧКАРЕВох.ж/б кр.пив0.5L,"Пиво отечествен.емк.0,5л и менее",Пиво,Пиво
8090100312,ТИНЬКОФФ текиза пиво0.33L,"Пиво отечествен.емк.0,5л и менее",Пиво,Пиво
8090100313,STELLA ARTOISж/б пиво0.5L,"Пиво отечествен.емк.0,5л и менее",Пиво,Пиво
8090100314,СИБ.КОРОНруб.бут.пиво0.5L,"Пиво отечествен.емк.0,5л и менее",Пиво,Пиво
8090100315,АФАНАСИЙ темное  пиво0.5L,"Пиво отечествен.емк.0,5л и менее",Пиво,Пиво
8090100316,АФАНАСИЙ пр/кл жб пив0.5L,"Пиво отечествен.емк.0,5л и менее",Пиво,Пиво
8090100317,"SIXX 0,6% ж/б    пиво0.5L","Пиво отечествен.емк.0,5л и менее",Пиво,Пиво
8090100318,БАЛТИКА12тем/нов пиво0.5L,"Пиво отечествен.емк.0,5л и менее",Пиво,Пиво
8090100319,BECK'S           пиво0.5L,"Пиво отечествен.емк.0,5л и менее",Пиво,Пиво
8090100320,ЯРПИВО плат.ж/б  пиво0.5L,"Пиво отечествен.емк.0,5л и менее",Пиво,Пиво
8090100321,ТИНЬКОФФ белое  пиво0.33L,"Пиво отечествен.емк.0,5л и менее",Пиво,Пиво
8090100322,ЯРПИВО золот.ж/б пиво0.5L,"Пиво отечествен.емк.0,5л и менее",Пиво,Пиво
8090100323,ЯРПИВО новог.ж/б пиво0.5L,"Пиво отечествен.емк.0,5л и менее",Пиво,Пиво
8090100324,ЯРПИВО новогодн. пиво0.5L,"Пиво отечествен.емк.0,5л и менее",Пиво,Пиво
8090100325,ЯРПИВО золотое   пиво0.5L,"Пиво отечествен.емк.0,5л и менее",Пиво,Пиво
8090100326,ЯРПИВО кристал.  пиво0.5L,"Пиво отечествен.емк.0,5л и менее",Пиво,Пиво
8090100327,ЯРПИВО крист.ж/б пиво0.5L,"Пиво отечествен.емк.0,5л и менее",Пиво,Пиво
8090100328,ЯРПИВО платин.   пиво0.5L,"Пиво отечествен.емк.0,5л и менее",Пиво,Пиво
8090100329,ЯРПИВО крепкое   пиво0.5L,"Пиво отечествен.емк.0,5л и менее",Пиво,Пиво
8090100330,ОЧАКОВО юбилейн. пиво0.5L,"Пиво отечествен.емк.0,5л и менее",Пиво,Пиво
8090100331,TUBORG Chris бут.пив0.33L,"Пиво отечествен.емк.0,5л и менее",Пиво,Пиво
8090100332,ЖИГУЛЕВСКОЕ      пиво0.5L,"Пиво отечествен.емк.0,5л и менее",Пиво,Пиво
8090100333,ОБОЛОНЬ STRON.ж/б пив0.5L,"Пиво отечествен.емк.0,5л и менее",Пиво,Пиво
8090100334,ОБОЛОНЬ пшеничн. пиво0.5L,"Пиво отечествен.емк.0,5л и менее",Пиво,Пиво
8090100335,НЕВСКОЕ лайт    пиво0.33L,"Пиво отечествен.емк.0,5л и менее",Пиво,Пиво
8090100336,НЕВСКОЕ лайт     пиво0.5L,"Пиво отечествен.емк.0,5л и менее",Пиво,Пиво
8090100337,АРСЕНАЛЬНОЕ3 кл. пиво0.5L,"Пиво отечествен.емк.0,5л и менее",Пиво,Пиво
8090100338,ЖИГУЛЕВСКОЕ м/р. пиво0.5L,"Пиво отечествен.емк.0,5л и менее",Пиво,Пиво
8090100339,ОБОЛОНЬ портер   пиво0.5L,"Пиво отечествен.емк.0,5л и менее",Пиво,Пиво
8090100340,СИБ.КОРОНянт.бут.пиво0.5L,"Пиво отечествен.емк.0,5л и менее",Пиво,Пиво
8090100341,СИБ.КОР.георг.пэт.пив0.5L,"Пиво отечествен.емк.0,5л и менее",Пиво,Пиво
8090100342,ТУБОРГ Грин свет/пиво0.5L,"Пиво отечествен.емк.0,5л и менее",Пиво,Пиво
8090100343,КЛИНСКОЕ аррива  пиво0.5L,"Пиво отечествен.емк.0,5л и менее",Пиво,Пиво
8090100344,КЕНИГСБЕРГ бок+пиво4*0.5L,"Пиво отечествен.емк.0,5л и менее",Пиво,Пиво
8090100345,ТРИ МЕДВЕДЯ светл.пив1.5L,"Пиво отечествен.емк.0,5л и менее",Пиво,Пиво
8090100346,СТ.РАЗИН золот. пиво0.35L,"Пиво отечествен.емк.0,5л и менее",Пиво,Пиво
8090100347,СТ.РАЗИН ординар.пиво0.5L,"Пиво отечествен.емк.0,5л и менее",Пиво,Пиво
8090100348,ТИНЬКОФФ дымком пиво0.33L,"Пиво отечествен.емк.0,5л и менее",Пиво,Пиво
8090100349,ТОЛСТЯКгречишное пиво0.5L,"Пиво отечествен.емк.0,5л и менее",Пиво,Пиво
8090100350,БАЛТИКА3 клас.ж/б пив0.5L,"Пиво отечествен.емк.0,5л и менее",Пиво,Пиво
8090100351,БАЛТИКА7 экс.ж/б пив0.33L,"Пиво отечествен.емк.0,5л и менее",Пиво,Пиво
8090100352,REDDS прем.колд пиво0.33L,"Пиво отечествен.емк.0,5л и менее",Пиво,Пиво
8090100353,ТИНЬКОФФ красн. пиво0.33L,"Пиво отечествен.емк.0,5л и менее",Пиво,Пиво
8090100354,СОКОЛ светл. ж/б пиво0.5L,"Пиво отечествен.емк.0,5л и менее",Пиво,Пиво
8090100355,СОКОЛ светлое пэт  пиво1L,"Пиво отечествен.емк.0,5л и менее",Пиво,Пиво
8090100356,СТ.МЕЛЬН.св.бут.пиво0.33L,"Пиво отечествен.емк.0,5л и менее",Пиво,Пиво
8090100357,КЛИНСКОЕаррив.ж/б пив0.5L,"Пиво отечествен.емк.0,5л и менее",Пиво,Пиво
8090100358,LOWENBRAUориг.б.пиво0.33L,"Пиво отечествен.емк.0,5л и менее",Пиво,Пиво
8090100359,HEINEKEN LAGERст.пиво0.5L,"Пиво отечествен.емк.0,5л и менее",Пиво,Пиво
8090100360,НЕВСКОЕ класс.  пиво0.33L,"Пиво отечествен.емк.0,5л и менее",Пиво,Пиво
8090100361,CARLSBERGсв.бут.пиво0.33L,"Пиво отечествен.емк.0,5л и менее",Пиво,Пиво
8090100362,ТРИ БОГАТЫРЯ ж/б.пиво0.5L,"Пиво отечествен.емк.0,5л и менее",Пиво,Пиво
8090100363,ТРИ БОГАТЫРЯ боч.пиво0.5L,"Пиво отечествен.емк.0,5л и менее",Пиво,Пиво
8090100364,ТРИ БОГАТ.ж/б боч.пив0.5L,"Пиво отечествен.емк.0,5л и менее",Пиво,Пиво
8090100365,НЕВСКОЕ лайт ж/б пиво0.5L,"Пиво отечествен.емк.0,5л и менее",Пиво,Пиво
8090100366,SIXX 69 бут.    пиво0.33L,"Пиво отечествен.емк.0,5л и менее",Пиво,Пиво
8090100367,SIXX Light бут. пиво0.33L,"Пиво отечествен.емк.0,5л и менее",Пиво,Пиво
8090100368,SIXX Hi-Tech ж/б пиво0.5L,"Пиво отечествен.емк.0,5л и менее",Пиво,Пиво
8090100369,ТВЕРСКОЕ крепкое пиво0.5L,"Пиво отечествен.емк.0,5л и менее",Пиво,Пиво
8090100370,НЕВСК.Триумф бут.пив0.33L,"Пиво отечествен.емк.0,5л и менее",Пиво,Пиво
8090100371,ЖИГУЛЕВСКОЕ свет.пиво0.5L,"Пиво отечествен.емк.0,5л и менее",Пиво,Пиво
8090100372,PILSNER уркв.КПКпиво0.33L,Пиво импортное,Пиво,Пиво
8090100373,ЧЕШСК.СТАНД.барх.пиво0.5L,"Пиво отечествен.емк.0,5л и менее",Пиво,Пиво
8090100374,ПАРНАС свет.ж/б  пиво0.5L,"Пиво отечествен.емк.0,5л и менее",Пиво,Пиво
8090100375,КЛИНСКОЕ аррива пиво0.33L,"Пиво отечествен.емк.0,5л и менее",Пиво,Пиво
8090100376,КЕНИГСБЕРГ ж/б   пиво0.5L,"Пиво отечествен.емк.0,5л и менее",Пиво,Пиво
8090100377,RADEBERGER ж/б   пиво0.5L,"Пиво отечествен.емк.0,5л и менее",Пиво,Пиво
8090100378,ZOOOM спец.бут. пиво0.33L,"Пиво отечествен.емк.0,5л и менее",Пиво,Пиво
8090100379,СТ.МЕЛЬН.зол.б. пиво0.33L,"Пиво отечествен.емк.0,5л и менее",Пиво,Пиво
8090100380,СТ.МЕЛЬН.св.ж/б пиво0.33L,"Пиво отечествен.емк.0,5л и менее",Пиво,Пиво
8090100381,БЕЛ.МЕДВ.св.ж/б  пиво0.5L,"Пиво отечествен.емк.0,5л и менее",Пиво,Пиво
8090100382,ДВ класс.св.ж/б  пиво0.5L,"Пиво отечествен.емк.0,5л и менее",Пиво,Пиво
8090100383,TUBORG Green ж/б пиво0.5L,"Пиво отечествен.емк.0,5л и менее",Пиво,Пиво
8090100384,MIXUP текила    пиво0.33L,"Пиво отечествен.емк.0,5л и менее",Пиво,Пиво
8090100385,MIXUP лимон     пиво0.33L,"Пиво отечествен.емк.0,5л и менее",Пиво,Пиво
8090100386,ХМЕЛЬНОЙ МЕД        0.33L,"Пиво отечествен.емк.0,5л и менее",Пиво,Пиво
8090100387,БЕЛ.МЕДВ.кр.ж/б  пиво0.5L,"Пиво отечествен.емк.0,5л и менее",Пиво,Пиво
8090100388,TUBORG Green    пиво0.33L,"Пиво отечествен.емк.0,5л и менее",Пиво,Пиво
8090100389,TALLER ICE ж/б   пиво0.5L,"Пиво отечествен.емк.0,5л и менее",Пиво,Пиво
8090100390,TALLER ICE       пиво0.5L,"Пиво отечествен.емк.0,5л и менее",Пиво,Пиво
8090100391,STAROPRAMEN бут.пиво0.33L,"Пиво отечествен.емк.0,5л и менее",Пиво,Пиво
8090100392,МОСК.БОЧКОВ.ориг.пиво0.5L,"Пиво отечествен.емк.0,5л и менее",Пиво,Пиво
8090100393,АФАНАСИЙпрем/ул.пиво0.46L,"Пиво отечествен.емк.0,5л и менее",Пиво,Пиво
8090100394,MIXUP яблоко    пиво0.33L,"Пиво отечествен.емк.0,5л и менее",Пиво,Пиво
8090100395,Н.СИНЕБРЮХОФФ    пиво0.5L,"Пиво отечествен.емк.0,5л и менее",Пиво,Пиво
8090100396,ЧЕРН.АДМИР.стаут пиво0.5L,"Пиво отечествен.емк.0,5л и менее",Пиво,Пиво
8090100397,ЯРПИВО светл.ж/б пиво0.5L,"Пиво отечествен.емк.0,5л и менее",Пиво,Пиво
8090100398,ЯЧМ.КОЛОСзол.ж/б пиво0.5L,"Пиво отечествен.емк.0,5л и менее",Пиво,Пиво
8090100399,ЧЕРН.АДМИР.портер пив0.5L,"Пиво отечествен.емк.0,5л и менее",Пиво,Пиво
8090100400,ЧЕРН.АДМ.ячм.вино пив0.5L,"Пиво отечествен.емк.0,5л и менее",Пиво,Пиво
8090100401,ОЧАКОВО прем/чер.пиво0.5L,"Пиво отечествен.емк.0,5л и менее",Пиво,Пиво
8090100402,ВАРШТАЙНЕР свет.пиво0.33L,"Пиво отечествен.емк.0,5л и менее",Пиво,Пиво
8090100403,ЛЕНИНГРАД.свет.  пиво0.5L,"Пиво отечествен.емк.0,5л и менее",Пиво,Пиво
8090100404,ЛЕНИНГРАД.креп.  пиво0.5L,"Пиво отечествен.емк.0,5л и менее",Пиво,Пиво
8090100405,БАЛТИКА7 бут.экс.пиво0.5L,"Пиво отечествен.емк.0,5л и менее",Пиво,Пиво
8090100406,ХМЕЛЬНОЙ МЕД SIDOR's0.33L,"Пиво отечествен.емк.0,5л и менее",Пиво,Пиво
8090100407,АРСЕНАЛЬНОЕ9 кр. пиво0.5L,"Пиво отечествен.емк.0,5л и менее",Пиво,Пиво
8090100408,ХМЕЛЬНОЙ МЕД ТРАВЯН.0.33L,"Пиво отечествен.емк.0,5л и менее",Пиво,Пиво
8090100409,BAGBIER светлое  пиво0.5L,"Пиво отечествен.емк.0,5л и менее",Пиво,Пиво
8090100411,ZLATOPRAMENсв.бут.пив0.5L,"Пиво отечествен.емк.0,5л и менее",Пиво,Пиво
8090100412,БАВАРИЯ крепкое  пиво0.5L,"Пиво отечествен.емк.0,5л и менее",Пиво,Пиво
8090100413,БАВАРИЯ петербур.пиво0.5L,"Пиво отечествен.емк.0,5л и менее",Пиво,Пиво
8090100414,БАВАРИЯ светлое  пиво0.5L,"Пиво отечествен.емк.0,5л и менее",Пиво,Пиво
8090100415,БАВАРИЯ темное   пиво0.5L,"Пиво отечествен.емк.0,5л и менее",Пиво,Пиво
8090100416,НЕВСК.кроненб.  пиво0.33L,"Пиво отечествен.емк.0,5л и менее",Пиво,Пиво
8090100417,ЯРПИВО Irish Red пиво0.5L,"Пиво отечествен.емк.0,5л и менее",Пиво,Пиво
8090100418,ЯРПИВО Irish Red пиво0.5L,"Пиво отечествен.емк.0,5л и менее",Пиво,Пиво
8090100419,ТИНЬКОФФ легкое пиво0.33L,"Пиво отечествен.емк.0,5л и менее",Пиво,Пиво
8090100420,МОСК.БОЧКОВ.креп.пиво0.5L,"Пиво отечествен.емк.0,5л и менее",Пиво,Пиво
8090100421,ЭЛЬ цвет.каркаде пиво0.5L,"Пиво отечествен.емк.0,5л и менее",Пиво,Пиво
8090100422,ЭЛЬ светл.легкий пиво0.5L,"Пиво отечествен.емк.0,5л и менее",Пиво,Пиво
8090100423,НЕВСК.кронверк  пиво0.33L,"Пиво отечествен.емк.0,5л и менее",Пиво,Пиво
8090100424,ОЧАКОВО прем/св. пиво0.5L,"Пиво отечествен.емк.0,5л и менее",Пиво,Пиво
8090100425,ОЧАКОВО пр/с.ж/б пиво0.5L,"Пиво отечествен.емк.0,5л и менее",Пиво,Пиво
8090100426,ОЧАКОВО пр/ч.ж/б пиво0.5L,"Пиво отечествен.емк.0,5л и менее",Пиво,Пиво
8090100427,КЛИНСКОЕ Сам.ж/б пиво0.5L,"Пиво отечествен.емк.0,5л и менее",Пиво,Пиво
8090100428,ЧЕРН.АДМИР.мягкий эль0.5L,"Пиво отечествен.емк.0,5л и менее",Пиво,Пиво
8090100429,ZLAT.PRAGA gran. пиво0.5L,"Пиво отечествен.емк.0,5л и менее",Пиво,Пиво
8090100430,ZLAT.PRAGA prem. пиво0.5L,"Пиво отечествен.емк.0,5л и менее",Пиво,Пиво
8090100431,ZLAT.PRAGA orig. пиво0.5L,"Пиво отечествен.емк.0,5л и менее",Пиво,Пиво
8090100432,ПИТ Акапулько    пиво0.5L,"Пиво отечествен.емк.0,5л и менее",Пиво,Пиво
8090100433,BRAHMA           пиво0.5L,"Пиво отечествен.емк.0,5л и менее",Пиво,Пиво
8090100434,BRAHMA          пиво0.33L,"Пиво отечествен.емк.0,5л и менее",Пиво,Пиво
8090100435,НЕВСКОЕ Айс стек.пиво0.5L,"Пиво отечествен.емк.0,5л и менее",Пиво,Пиво
8090100436,ТРИ ТОЛСТЯКА креп.пив0.5L,"Пиво отечествен.емк.0,5л и менее",Пиво,Пиво
8090100437,ТРИ ТОЛСТЯКА янт. пив0.5L,"Пиво отечествен.емк.0,5л и менее",Пиво,Пиво
8090100438,КЛИНСКОЕ ультра  пиво0.5L,"Пиво отечествен.емк.0,5л и менее",Пиво,Пиво
8090100439,ТОЛСТЯК пшеничн. пиво0.5L,"Пиво отечествен.емк.0,5л и менее",Пиво,Пиво
8090100440,ТОЛСТЯК светлое  пиво0.5L,"Пиво отечествен.емк.0,5л и менее",Пиво,Пиво
8090100441,СИБ.КОРОНА золот.пиво0.5L,"Пиво отечествен.емк.0,5л и менее",Пиво,Пиво
8090100442,КЛИНСКОЕ ульт.ж/б пив0.5L,"Пиво отечествен.емк.0,5л и менее",Пиво,Пиво
8090100443,БЕЛ.МЕДВ.бл.ж/б  пиво0.5L,"Пиво отечествен.емк.0,5л и менее",Пиво,Пиво
8090100444,БЕЛ.МЕДВ.благор. пиво0.5L,"Пиво отечествен.емк.0,5л и менее",Пиво,Пиво
8090100445,ZLATOPRAMENсв.ж/б.пив0.5L,"Пиво отечествен.емк.0,5л и менее",Пиво,Пиво
8090100446,ОСТАНКИНСКОЕ свет.пив0.5L,"Пиво отечествен.емк.0,5л и менее",Пиво,Пиво
8090100447,БОЧКАРЕВ классич.пиво0.5L,"Пиво отечествен.емк.0,5л и менее",Пиво,Пиво
8090100448,НЕВСКОЕ Айс     пиво0.33L,"Пиво отечествен.емк.0,5л и менее",Пиво,Пиво
8090100449,КЕНИГСБЕРГ вайс  пиво0.5L,"Пиво отечествен.емк.0,5л и менее",Пиво,Пиво
8090100450,СОЛОДОВ gold     пиво0.5L,"Пиво отечествен.емк.0,5л и менее",Пиво,Пиво
8090100451,"ЗОЛОТАЯ БОЧКА св.пив0,35L","Пиво отечествен.емк.0,5л и менее",Пиво,Пиво
8090100452,ЖИГУЛЕВСКОЕ свет.пиво0.5L,"Пиво отечествен.емк.0,5л и менее",Пиво,Пиво
8090100453,КРАС.ВОСТОК gold  пив0.5L,"Пиво отечествен.емк.0,5л и менее",Пиво,Пиво
8090100454,БАВАРИЯ восточн. пиво0.5L,"Пиво отечествен.емк.0,5л и менее",Пиво,Пиво
8090100455,СОЛОДОВ export   пиво0.5L,"Пиво отечествен.емк.0,5л и менее",Пиво,Пиво
8090100456,ЧЕШСК.СТАНД.кл.ж.пиво0.5L,"Пиво отечествен.емк.0,5л и менее",Пиво,Пиво
8090100457,"ТИНЬКОФФ ""Т""свет.пиво0.5L","Пиво отечествен.емк.0,5л и менее",Пиво,Пиво
8090100458,НЕВСКОЕ Айс ж/б  пиво0.5L,"Пиво отечествен.емк.0,5л и менее",Пиво,Пиво
8090100459,ЯРПИВО ледяное   пиво0.5L,"Пиво отечествен.емк.0,5л и менее",Пиво,Пиво
8090100460,БОЧКАРЕВ классич.пиво0.5L,"Пиво отечествен.емк.0,5л и менее",Пиво,Пиво
8090100461,"ТИНЬКОФФ ""Т"" ж/б пиво0.5L","Пиво отечествен.емк.0,5л и менее",Пиво,Пиво
8090100462,КЛИНСКОЕ wow    пиво0.33L,"Пиво отечествен.емк.0,5л и менее",Пиво,Пиво
8090100463,FOSTER'S свет.  пиво0.33L,"Пиво отечествен.емк.0,5л и менее",Пиво,Пиво
8090100464,GOLDEN PHEASANT  пиво0.5L,Пиво импортное,Пиво,Пиво
8090100465,ПИТ экстрим      пиво0.5L,"Пиво отечествен.емк.0,5л и менее",Пиво,Пиво
8090100466,BITBURGER       пиво0.33L,"Пиво отечествен.емк.0,5л и менее",Пиво,Пиво
8090100467,ПИТ Богемия      пиво0.5L,"Пиво отечествен.емк.0,5л и менее",Пиво,Пиво
8090100468,АФАНАСИЙ Голд пр.пиво0.5L,"Пиво отечествен.емк.0,5л и менее",Пиво,Пиво
8090100469,AMSTEL светлое  пиво0.33L,"Пиво отечествен.емк.0,5л и менее",Пиво,Пиво
8090100470,ЗОЛ.ФАЗАН ж/б    пиво0.5L,"Пиво отечествен.емк.0,5л и менее",Пиво,Пиво
8090100471,ЗОЛ.ФАЗАН свет.  пиво0.5L,"Пиво отечествен.емк.0,5л и менее",Пиво,Пиво
8090100472,ЯРПИВО янт/exp.  пиво0.5L,"Пиво отечествен.емк.0,5л и менее",Пиво,Пиво
8090100473,ЭЛЬ темн.легкий  пиво0.5L,"Пиво отечествен.емк.0,5л и менее",Пиво,Пиво
8090100474,КОТАЙК б/а бут.  пиво0.5L,"Пиво отечествен.емк.0,5л и менее",Пиво,Пиво
8090200001,БАЛТИКА7    краник+пиво5L,Пиво отечествен.емк.более 0.5л,Пиво,Пиво
8090200002,БАЛТИКА медов.кр.пиво1.5L,Пиво отечествен.емк.более 0.5л,Пиво,Пиво
8090200003,БАЛТИКАмедов.лег.пиво1.5L,Пиво отечествен.емк.более 0.5л,Пиво,Пиво
8090200004,пиво/1.5л/полутем/АФАНАСИ,Пиво отечествен.емк.более 0.5л,Пиво,Пиво
8090200005,пиво/1.5л/светлое/АФАНАСИ,Пиво отечествен.емк.более 0.5л,Пиво,Пиво
8090200006,пиво/1.5л/классич/ОЧАКОВО,Пиво отечествен.емк.более 0.5л,Пиво,Пиво
8090200007,ОЧАКОВО специал.пиво2.25L,Пиво отечествен.емк.более 0.5л,Пиво,Пиво
8090200008,ОЧАКОВО оригин. пиво2.25L,Пиво отечествен.емк.более 0.5л,Пиво,Пиво
8090200009,пиво/1.5л/оригинал/ОЧАКО,Пиво отечествен.емк.более 0.5л,Пиво,Пиво
8090200010,ОЧАКОВО специал. пиво1.5L,Пиво отечествен.емк.более 0.5л,Пиво,Пиво
8090200011,пиво/1.5л/светлое/ОЧАКОВ,Пиво отечествен.емк.более 0.5л,Пиво,Пиво
8090200012,ОЧАКОВО светлое пиво2.25L,Пиво отечествен.емк.более 0.5л,Пиво,Пиво
8090200013,МОСКВ.гонец-янт. пиво1.5L,Пиво отечествен.емк.более 0.5л,Пиво,Пиво
8090200014,МОСКВ.гонец-зол. пиво1.5L,Пиво отечествен.емк.более 0.5л,Пиво,Пиво
8090200015,пиво/1.5л/гонец хмельн/МО,Пиво отечествен.емк.более 0.5л,Пиво,Пиво
8090200016,ОБОЛОНЬ светлое    пиво1L,Пиво отечествен.емк.более 0.5л,Пиво,Пиво
8090200017,ОБОЛОНЬ светлое    пиво2L,Пиво отечествен.емк.более 0.5л,Пиво,Пиво
8090200018,ОЧАКОВО классич.пиво2.25L,Пиво отечествен.емк.более 0.5л,Пиво,Пиво
8090200019,пиво/2.25л/экстра/ОЧАКОВ,Пиво отечествен.емк.более 0.5л,Пиво,Пиво
8090200020,АРСЕНАЛЬНОЕ9 кр. пиво1.5L,Пиво отечествен.емк.более 0.5л,Пиво,Пиво
8090200021,пиво/1.5л/арсенал/1/св/ле,Пиво отечествен.емк.более 0.5л,Пиво,Пиво
8090200022,АРСЕНАЛЬНОЕ5 тр. пиво1.5L,Пиво отечествен.емк.более 0.5л,Пиво,Пиво
8090200023,пиво/1л/английский эль,Пиво отечествен.емк.более 0.5л,Пиво,Пиво
8090200024,пиво/1л/английский эль,Пиво отечествен.емк.более 0.5л,Пиво,Пиво
8090200025,пиво/1л/английский эль,Пиво отечествен.емк.более 0.5л,Пиво,Пиво
8090200026,пиво/1л/английский эль,Пиво отечествен.емк.более 0.5л,Пиво,Пиво
8090200027,пиво/1л/английский эль,Пиво отечествен.емк.более 0.5л,Пиво,Пиво
8090200028,пиво/1л/английский эль,Пиво отечествен.емк.более 0.5л,Пиво,Пиво
8090200029,ЯРПИВО хлебное   пиво1.5L,Пиво отечествен.емк.более 0.5л,Пиво,Пиво
8090200030,ЯРПИВО хмельное  пиво1.5L,Пиво отечествен.емк.более 0.5л,Пиво,Пиво
8090200031,ЯРПИВО волга янт.пиво1.5L,Пиво отечествен.емк.более 0.5л,Пиво,Пиво
8090200032,пиво/1.5л/гонец бархат/МО,Пиво отечествен.емк.более 0.5л,Пиво,Пиво
8090200033,пиво/1.5л/посад выдержанн,Пиво отечествен.емк.более 0.5л,Пиво,Пиво
8090200034,пиво/1.5л/посад классичес,Пиво отечествен.емк.более 0.5л,Пиво,Пиво
8090200035,СТ.МЕЛЬН.светлое   пиво5L,Пиво отечествен.емк.более 0.5л,Пиво,Пиво
8090200036,пиво/1л/зип голд/КАРПАТЫ,Пиво отечествен.емк.более 0.5л,Пиво,Пиво
8090200037,пиво/1л/баррел голд/КАРПА,Пиво отечествен.емк.более 0.5л,Пиво,Пиво
8090200038,ТОЛСТЯК светлое  пиво1.5L,Пиво отечествен.емк.более 0.5л,Пиво,Пиво
8090200039,ТОЛСТЯК светлое    пиво2L,Пиво отечествен.емк.более 0.5л,Пиво,Пиво
8090200040,ТОЛСТЯК доброе   пиво1.5L,Пиво отечествен.емк.более 0.5л,Пиво,Пиво
8090200041,пиво/2л/толстяк доб/ПЭТ,Пиво отечествен.емк.более 0.5л,Пиво,Пиво
8090200042,пиво/1.5л/светлое/КРАСНЫЙ,Пиво отечествен.емк.более 0.5л,Пиво,Пиво
8090200043,пиво/1.5л/специал/КРАСНЫЙ,Пиво отечествен.емк.более 0.5л,Пиво,Пиво
8090200044,пиво/1.5л/классич/КРАСНЫЙ,Пиво отечествен.емк.более 0.5л,Пиво,Пиво
8090200045,пиво/1.5л/крепкое/КРАСНЫЙ,Пиво отечествен.емк.более 0.5л,Пиво,Пиво
8090200046,пиво/1.5л/оригинал/КРАСНЫ,Пиво отечествен.емк.более 0.5л,Пиво,Пиво
8090200047,пиво/1.5л/богем светл/КРА,Пиво отечествен.емк.более 0.5л,Пиво,Пиво
8090200048,пиво/1.5л/богем темн/КРАС,Пиво отечествен.емк.более 0.5л,Пиво,Пиво
8090200049,пиво/1.5л/славянское/КРАС,Пиво отечествен.емк.более 0.5л,Пиво,Пиво
8090200050,КРАС.ВОСТОК клас. пив0.6L,Пиво отечествен.емк.более 0.5л,Пиво,Пиво
8090200051,пиво/1.5л/янтарное/КРАСНЫ,Пиво отечествен.емк.более 0.5л,Пиво,Пиво
8090200052,пиво/1.5л/ершистое/КРАСНЫ,Пиво отечествен.емк.более 0.5л,Пиво,Пиво
8090200053,пиво/1.5л/русск черн/КРАС,Пиво отечествен.емк.более 0.5л,Пиво,Пиво
8090200054,пиво/1.5л/ак барс/КРАСНЫЙ,Пиво отечествен.емк.более 0.5л,Пиво,Пиво
8090200055,пиво/1.5л/жигулевск/КРАСН,Пиво отечествен.емк.более 0.5л,Пиво,Пиво
8090200056,пиво/1.5л/вост бавар/КРАС,Пиво отечествен.емк.более 0.5л,Пиво,Пиво
8090200057,пиво/1.5л/вост бавар/креп,Пиво отечествен.емк.более 0.5л,Пиво,Пиво
8090200058,пиво/1.5л/вост бавар/темн,Пиво отечествен.емк.более 0.5л,Пиво,Пиво
8090200059,ОЧАКОВО классич. пиво1.5L,Пиво отечествен.емк.более 0.5л,Пиво,Пиво
8090200060,ВОЛЖАНИН светлое пиво1.5L,Пиво отечествен.емк.более 0.5л,Пиво,Пиво
8090200061,ТОЛСТЯК заборист.пиво1.5L,Пиво отечествен.емк.более 0.5л,Пиво,Пиво
8090200062,ОЧАКОВО светлое  пиво1.5L,Пиво отечествен.емк.более 0.5л,Пиво,Пиво
8090200063,ОЧАКОВО оригинал.пиво1.5L,Пиво отечествен.емк.более 0.5л,Пиво,Пиво
8090200064,ТОЛСТЯК доброе     пиво1L,Пиво отечествен.емк.более 0.5л,Пиво,Пиво
8090200065,ТОЛСТЯК забористое пиво1L,Пиво отечествен.емк.более 0.5л,Пиво,Пиво
8090200066,КЛИНСКОЕ светлое   пиво1L,Пиво отечествен.емк.более 0.5л,Пиво,Пиво
8090200067,КЛИНСКОЕ светлое пиво1.5L,Пиво отечествен.емк.более 0.5л,Пиво,Пиво
8090200068,ТОЛСТЯК светлое    пиво1L,Пиво отечествен.емк.более 0.5л,Пиво,Пиво
8090200069,ПИТ золотое свет.пиво1.5L,Пиво отечествен.емк.более 0.5л,Пиво,Пиво
8090200070,ПИТ золотое креп.пиво1.5L,Пиво отечествен.емк.более 0.5л,Пиво,Пиво
8090200071,ОЧАКОВО экстра  пиво2.25L,Пиво отечествен.емк.более 0.5л,Пиво,Пиво
8090200072,ТИНЬКОФФ платинов. пиво5L,Пиво отечествен.емк.более 0.5л,Пиво,Пиво
8090200073,АФАНАСИЙ прем.свет.пиво1L,Пиво отечествен.емк.более 0.5л,Пиво,Пиво
8090200074,АФАНАСИЙ доброе  пиво1.5L,Пиво отечествен.емк.более 0.5л,Пиво,Пиво
8090200075,АФАНАСИЙ бархатн.пиво1.5L,Пиво отечествен.емк.более 0.5л,Пиво,Пиво
8090200076,АФАНАСИЙ добр.кр.пиво1.5L,Пиво отечествен.емк.более 0.5л,Пиво,Пиво
8090200077,ЖИГУЛЕВСКОЕ      пиво1.5L,Пиво отечествен.емк.более 0.5л,Пиво,Пиво
8090200078,АРСЕНАЛЬНОЕ клас.пиво1.5L,Пиво отечествен.емк.более 0.5л,Пиво,Пиво
8090200079,СТАРАЯ МОСКВА    пиво1.5L,Пиво отечествен.емк.более 0.5л,Пиво,Пиво
8090200080,ЯРОСЛАВСКОЕ      пиво1.5L,Пиво отечествен.емк.более 0.5л,Пиво,Пиво
8090200081,ТУЛЬСКОЕ светлое пиво1.5L,Пиво отечествен.емк.более 0.5л,Пиво,Пиво
8090200082,ТВЕРСКОЕ         пиво1.5L,Пиво отечествен.емк.более 0.5л,Пиво,Пиво
8090200083,СЕВ.СТОЛИЦА свет.пиво1.5L,Пиво отечествен.емк.более 0.5л,Пиво,Пиво
8090200084,АФАНАСИЙ прем.темн.пиво1L,Пиво отечествен.емк.более 0.5л,Пиво,Пиво
8090200085,АФАНАСИЙ прем.креп.пиво1L,Пиво отечествен.емк.более 0.5л,Пиво,Пиво
8090200086,ОБОЛОНЬ светлое  пиво0.5L,"Пиво отечествен.емк.0,5л и менее",Пиво,Пиво
8090200087,ОЧАКОВО    специал.пиво1L,Пиво отечествен.емк.более 0.5л,Пиво,Пиво
8090200088,ОЧАКОВО   оригинал.пиво1L,Пиво отечествен.емк.более 0.5л,Пиво,Пиво
8090200089,ЯЧМ.КОЛОС свет. пиво2.25L,Пиво отечествен.емк.более 0.5л,Пиво,Пиво
8090200090,ЯЧМ.КОЛОС креп. пиво2.25L,Пиво отечествен.емк.более 0.5л,Пиво,Пиво
8090200091,HEINEKEN LAGER  пиво0.65L,Пиво отечествен.емк.более 0.5л,Пиво,Пиво
8090200092,HEINEKEN LAGERж/б.пив0.5L,Пиво отечествен.емк.более 0.5л,Пиво,Пиво
8090200093,HEINEKEN LAGER  пиво0.33L,"Пиво отечествен.емк.0,5л и менее",Пиво,Пиво
8090200094,ЯЧМ.КОЛОС свет.  пиво1.5L,Пиво отечествен.емк.более 0.5л,Пиво,Пиво
8090200095,ЯЧМ.КОЛОС креп.  пиво1.5L,Пиво отечествен.емк.более 0.5л,Пиво,Пиво
8090200096,ПИТ золотое крепк. пиво1L,Пиво отечествен.емк.более 0.5л,Пиво,Пиво
8090200097,ПИТ золотое светл. пиво1L,Пиво отечествен.емк.более 0.5л,Пиво,Пиво
8090200098,RED BULL светлое   пиво1L,Пиво отечествен.емк.более 0.5л,Пиво,Пиво
8090200099,ЖИГУЛЕВСК.жигули пиво1.5L,Пиво отечествен.емк.более 0.5л,Пиво,Пиво
8090200100,БЕЛЫЙ МЕДВЕДЬ кр.пиво1.5L,Пиво отечествен.емк.более 0.5л,Пиво,Пиво
8090200101,БЕЛЫЙ МЕДВЕДЬ св.пиво1.5L,Пиво отечествен.емк.более 0.5л,Пиво,Пиво
8090200102,ТВЕРСКОЕ крепкое пиво1.5L,Пиво отечествен.емк.более 0.5л,Пиво,Пиво
8090200103,СТ.РАЗИН адмирал.пиво1.5L,Пиво отечествен.емк.более 0.5л,Пиво,Пиво
8090200104,СТ.РАЗИН петровс.пиво1.5L,Пиво отечествен.емк.более 0.5л,Пиво,Пиво
8090200105,СТ.РАЗИН специал.пиво1.5L,Пиво отечествен.емк.более 0.5л,Пиво,Пиво
8090200106,СТ.РАЗИН крепкое пиво1.5L,Пиво отечествен.емк.более 0.5л,Пиво,Пиво
8090200107,ТОЛСТЯК ГРЕЧИШНОЕ  пиво1L,Пиво отечествен.емк.более 0.5л,Пиво,Пиво
8090200108,ДВ крепкое       пиво1.5L,Пиво отечествен.емк.более 0.5л,Пиво,Пиво
8090200109,ЯРПИВО янтарное    пиво1L,Пиво отечествен.емк.более 0.5л,Пиво,Пиво
8090200110,ОБОЛОНЬ крепкое    пиво1L,Пиво отечествен.емк.более 0.5л,Пиво,Пиво
8090200111,АРСЕНАЛЬНОЕ ї5 тр. пиво1L,Пиво отечествен.емк.более 0.5л,Пиво,Пиво
8090200112,БАЛТИКА2 светлое пиво0.5L,"Пиво отечествен.емк.0,5л и менее",Пиво,Пиво
8090200113,БАЛТИКА 9 крепкое  пиво1L,Пиво отечествен.емк.более 0.5л,Пиво,Пиво
8090200114,ОХОТА КРЕПКОЕ     пиво 1L,Пиво отечествен.емк.более 0.5л,Пиво,Пиво
8090200115,АРСЕНАЛЬНОЕ ї1св.пиво1.5L,Пиво отечествен.емк.более 0.5л,Пиво,Пиво
8090200116,МОСК.БОЧКОВ.ор. пиво2.25L,Пиво отечествен.емк.более 0.5л,Пиво,Пиво
8090200117,ЖИГУЛЕВСКОЕ м/р.пиво1.65L,Пиво отечествен.емк.более 0.5л,Пиво,Пиво
8090200118,ЖИГУЛЕВСКОЕ м/р.пиво2.25L,Пиво отечествен.емк.более 0.5л,Пиво,Пиво
8090200119,ПЕРШИНЪ рж.зб.7%  т/пив1L,Пиво отечествен.емк.более 0.5л,Пиво,Пиво
8090200120,"ПЕРШИНЪ рж.зб.4,5%т/пив1L",Пиво отечествен.емк.более 0.5л,Пиво,Пиво
8090200121,"ПЕРШИНЪ яб.зб.4,5%с/пив1L",Пиво отечествен.емк.более 0.5л,Пиво,Пиво
8090200122,"ПЕРШИНЪ гр.зб.4,5%с/пив1L",Пиво отечествен.емк.более 0.5л,Пиво,Пиво
8090200123,ПИТ крепкое      пиво1.5L,Пиво отечествен.емк.более 0.5л,Пиво,Пиво
8090200124,ПИТ светлое      пиво1.5L,Пиво отечествен.емк.более 0.5л,Пиво,Пиво
8090200125,ЛЕНИНГРАД.свет.  пиво1.5L,Пиво отечествен.емк.более 0.5л,Пиво,Пиво
8090200126,ЯРПИВО волга нов.пиво1.5L,Пиво отечествен.емк.более 0.5л,Пиво,Пиво
8090200127,BAGBIER светлое  пиво1.5L,Пиво отечествен.емк.более 0.5л,Пиво,Пиво
8090200128,BAGBIER светлое    пиво2L,Пиво отечествен.емк.более 0.5л,Пиво,Пиво
8090200129,BAGBIER крепкое  пиво1.5L,Пиво отечествен.емк.более 0.5л,Пиво,Пиво
8090200130,BAGBIER крепкое    пиво2L,Пиво отечествен.емк.более 0.5л,Пиво,Пиво
8090200131,ЖИГУЛЕВСКОЕ м/р. пиво1.5L,Пиво отечествен.емк.более 0.5л,Пиво,Пиво
8090200132,ЯРПИВО светлое     пиво1L,Пиво отечествен.емк.более 0.5л,Пиво,Пиво
8090200133,ЯРПИВО оригин. ПЭТ пиво1L,Пиво отечествен.емк.более 0.5л,Пиво,Пиво
8090200134,"ПЕРШИНЪ гр.зб.4,5%с/пив2L",Пиво отечествен.емк.более 0.5л,Пиво,Пиво
8090200135,ПЕРШИНЪ рж.зб.  7%т/пив2L,Пиво отечествен.емк.более 0.5л,Пиво,Пиво
8090200136,"ПЕРШИНЪ яб.зб.4,5%с/пив2L",Пиво отечествен.емк.более 0.5л,Пиво,Пиво
8090200137,МОСК.БОЧКОВ.св. пиво2.25L,Пиво отечествен.емк.более 0.5л,Пиво,Пиво
8090200138,МОСК.БОЧКОВ.кр. пиво2.25L,Пиво отечествен.емк.более 0.5л,Пиво,Пиво
8090200139,МОСК.БОЧКОВ.кл. пиво2.25L,Пиво отечествен.емк.более 0.5л,Пиво,Пиво
8090200140,ПЕРШИНЪ рж.зб.4.5%т/пив2L,Пиво отечествен.емк.более 0.5л,Пиво,Пиво
8090200141,ЖИГУЛЕВСКОЕ свет.пиво1.5L,Пиво отечествен.емк.более 0.5л,Пиво,Пиво
8090200142,BAGBIER светлое  пиво2.5L,Пиво отечествен.емк.более 0.5л,Пиво,Пиво
8090200143,СТ.БОЧКА светл. пиво2.25L,Пиво отечествен.емк.более 0.5л,Пиво,Пиво
8090200144,СТ.БОЧКА крепк. пиво2.25L,Пиво отечествен.емк.более 0.5л,Пиво,Пиво
8090200145,ТОЛСТЯК пшеничн. пиво1.5L,Пиво отечествен.емк.более 0.5л,Пиво,Пиво
8090200146,ТОЛСТЯК заборист.  пиво2L,Пиво отечествен.емк.более 0.5л,Пиво,Пиво
8090200147,ТОЛСТЯК доброе   пиво2.5L,Пиво отечествен.емк.более 0.5л,Пиво,Пиво
8090200148,ВОЛЖАНИН светлое пиво2.5L,Пиво отечествен.емк.более 0.5л,Пиво,Пиво
8090200149,БЕЛ.МЕДВ.благор. пиво1.5L,Пиво отечествен.емк.более 0.5л,Пиво,Пиво
8090200150,ЗОЛОТОЕ светлое  пиво1.5L,Пиво отечествен.емк.более 0.5л,Пиво,Пиво
8090200151,ЗОЛОТОЕ крепкое  пиво1.5L,Пиво отечествен.емк.более 0.5л,Пиво,Пиво
8090200152,КРАС.ВОСТОК креп. пив1.5L,Пиво отечествен.емк.более 0.5л,Пиво,Пиво
8090200153,КРАС.ВОСТОК ориг. пив1.5L,Пиво отечествен.емк.более 0.5л,Пиво,Пиво
8090200154,СТ.БОЧКА        пиво2.25L,Пиво отечествен.емк.более 0.5л,Пиво,Пиво
8090200155,МОСК.БОЧКОВ.ор.  пиво1.5L,Пиво отечествен.емк.более 0.5л,Пиво,Пиво
8090200156,ЯРПИВО крепкое ПЭТ пиво1L,Пиво отечествен.емк.более 0.5л,Пиво,Пиво
8090200157,МОСК.БОЧКОВ.кр.  пиво1.5L,Пиво отечествен.емк.более 0.5л,Пиво,Пиво
8090200158,ОХОТА КРЕПКОЕ     пиво 2L,Пиво отечествен.емк.более 0.5л,Пиво,Пиво
8090200159,ОХОТА СВЕТЛОЕ      пиво2L,Пиво отечествен.емк.более 0.5л,Пиво,Пиво
8090200160,ТОЛСТЯК заборист.пиво2.5L,Пиво отечествен.емк.более 0.5л,Пиво,Пиво
8090200161,ТОЛСТЯК светлое  пиво2.5L,Пиво отечествен.емк.более 0.5л,Пиво,Пиво
8090200162,ПЕРШИНЪ рж.зб.12% т/пив1L,Пиво отечествен.емк.более 0.5л,Пиво,Пиво
8090200163,КЛИНСКОЕ ультра    пиво1L,Пиво отечествен.емк.более 0.5л,Пиво,Пиво
8090200164,КЛИНСКОЕ ультра  пиво1.5L,Пиво отечествен.емк.более 0.5л,Пиво,Пиво
8090200165,ЖИГУЛЕВСКОЕ клин.пиво1.5L,Пиво отечествен.емк.более 0.5л,Пиво,Пиво
8090200166,ТОЛСТЯК крепкое  пиво1.5L,Пиво отечествен.емк.более 0.5л,Пиво,Пиво
8090200167,ЯРПИВО волга св. пиво1.5L,Пиво отечествен.емк.более 0.5л,Пиво,Пиво
8090200168,ЛЕНИНГРАД.креп.  пиво1.5L,Пиво отечествен.емк.более 0.5л,Пиво,Пиво
8090200169,ПИТ светлое        пиво1L,Пиво отечествен.емк.более 0.5л,Пиво,Пиво
8090200170,ТРИ МЕД.крепкое  пиво1.5L,Пиво отечествен.емк.более 0.5л,Пиво,Пиво
8090200171,ТРИ МЕД.классич. пиво1.5L,Пиво отечествен.емк.более 0.5л,Пиво,Пиво
8090200173,ДОКТОР ДИЗЕЛЬ    пиво1.5L,Пиво отечествен.емк.более 0.5л,Пиво,Пиво
8090200174,ПЕРШИНЪ мед греч. т/пив1L,Пиво отечествен.емк.более 0.5л,Пиво,Пиво
8090200175,ПЕРШИНЪ гр.мед 8% с/пив1L,Пиво отечествен.емк.более 0.5л,Пиво,Пиво
8090200176,ПЕРШИНЪ мед/перец  пиво1L,Пиво отечествен.емк.более 0.5л,Пиво,Пиво
8090300001,пиво/5л/вайшт/WARSTE,Пиво импортное,Пиво,Пиво
8090300002,пиво/5л/вайшт люкс/WARST,Пиво импортное,Пиво,Пиво
8090300003,пиво/0.33л/вайшт/WARSTEIN,Пиво импортное,Пиво,Пиво
8090300004,пиво/0.5л/вайшт/WARSTEINE,Пиво импортное,Пиво,Пиво
8090300005,BECK'S ж/б         пиво5L,Пиво импортное,Пиво,Пиво
8090300006,BECKS           пиво0.33L,Пиво импортное,Пиво,Пиво
8090300007,BECK'S           пиво0.5L,Пиво импортное,Пиво,Пиво
8090300008,пиво/0.5л/бекс/BECKS,Пиво импортное,Пиво,Пиво
8090300009,пиво/0.33л/паул сальватор,Пиво импортное,Пиво,Пиво
8090300010,пиво/0.5л/паул сальв/PAUL,Пиво импортное,Пиво,Пиво
8090300011,PAULANER вайсб.боч.пиво5L,Пиво импортное,Пиво,Пиво
8090300012,пиво/5л/паул октоубер/PAU,Пиво импортное,Пиво,Пиво
8090300014,PAULANERхефе-вайс.пив0.5L,Пиво импортное,Пиво,Пиво
8090300015,PAULANERх-вайс.ж/бпив0.5L,Пиво импортное,Пиво,Пиво
8090300016,пиво/0.33л/прем лаге/PAUL,Пиво импортное,Пиво,Пиво
8090300017,PAULAN.ориг/мюнх пиво0.5L,Пиво импортное,Пиво,Пиво
8090300018,PAULANER Мюнх.ж/б пив0.5L,Пиво импортное,Пиво,Пиво
8090300019,пиво/0.33л/прем пилс/PAUL,Пиво импортное,Пиво,Пиво
8090300020,пиво/0.473л/weis dark/PAU,Пиво импортное,Пиво,Пиво
8090300021,BAVARIA ж/б     пиво0.33L,Пиво импортное,Пиво,Пиво
8090300022,BAVARIA ж/б      пиво0.5L,Пиво импортное,Пиво,Пиво
8090300023,BAVARIA 8*6 ж/б  пиво0.5L,Пиво импортное,Пиво,Пиво
8090300024,BAVARIA         пиво0.33L,Пиво импортное,Пиво,Пиво
8090300025,BAVARIA          пиво0.5L,Пиво импортное,Пиво,Пиво
8090300026,BAVARIA светлое пиво0.66L,Пиво импортное,Пиво,Пиво
8090300027,KRUSOVICE светл. пиво0.5L,Пиво импортное,Пиво,Пиво
8090300028,KRUSOVICEимп.св.пиво0.33L,Пиво импортное,Пиво,Пиво
8090300029,пиво/0.33л/крушов темн/KR,Пиво импортное,Пиво,Пиво
8090300030,DUBBEL          пиво0.75L,Пиво импортное,Пиво,Пиво
8090300031,DUBBEL керам/бут пиво0.5L,Пиво импортное,Пиво,Пиво
8090300032,TRIPEL кер/бут  пиво0.75L,Пиво импортное,Пиво,Пиво
8090300033,QUADRUPEL кер/б пиво0.75L,Пиво импортное,Пиво,Пиво
8090300034,NASTRO AZZURRO  пиво0.66L,Пиво импортное,Пиво,Пиво
8090300035,SPIR.OF HEMP 1бок+пиво3ST,Пиво импортное,Пиво,Пиво
8090300036,EDELWEISS светл. пиво0.5L,Пиво импортное,Пиво,Пиво
8090300037,CERES ROYAL ж/б    пиво1L,Пиво импортное,Пиво,Пиво
8090300038,CHIMAYпод/наб фуж+3пив1ST,Пиво импортное,Пиво,Пиво
8090300039,STAROPRAMEN свет.пиво0.5L,Пиво импортное,Пиво,Пиво
8090300040,PILSNER урквелл пиво0.33L,Пиво импортное,Пиво,Пиво
8090300041,PILSNER урквелл  пиво0.5L,Пиво импортное,Пиво,Пиво
8090300042,пиво/0.66л/пилсн урквелл/,Пиво импортное,Пиво,Пиво
8090300043,пиво/0.33л/stella artois,Пиво импортное,Пиво,Пиво
8090300044,LEFFE BLONDE    пиво0.33L,Пиво импортное,Пиво,Пиво
8090300045,LEFFE BROWN     пиво0.33L,Пиво импортное,Пиво,Пиво
8090300046,пиво/0.33л/hoegaarden wha,Пиво импортное,Пиво,Пиво
8090300047,пиво/0.33л/hoegaarden fru,Пиво импортное,Пиво,Пиво
8090300048,BELLE VUE KRIEKпиво0.375L,Пиво импортное,Пиво,Пиво
8090300049,BELLE-VUE FRAM.пиво0.375L,Пиво импортное,Пиво,Пиво
8090300050,КЛАУСТАЛЕР б/а  пиво0.33L,Пиво безалкогольное (все),Пиво,Пиво
8090300051,FOSTER'S        пиво0.33L,Пиво импортное,Пиво,Пиво
8090300052,CORONA экстра   пиво0.33L,Пиво импортное,Пиво,Пиво
8090300053,GROLSCH PREM.LAGсв.пиво5L,Пиво импортное,Пиво,Пиво
8090300054,AMSTEL светлое  пиво0.33L,Пиво импортное,Пиво,Пиво
8090300055,HEINEKEN светл. пиво0.33L,Пиво импортное,Пиво,Пиво
8090300056,GROLSCH PR.LAGERпиво0.33L,Пиво импортное,Пиво,Пиво
8090300057,GROLSCH PR.LAGERпиво0.47L,Пиво импортное,Пиво,Пиво
8090300058,GROL.AMBERтемн.пиво0.355L,Пиво импортное,Пиво,Пиво
8090300059,пиво/0.355л/свет/GROLSCH,Пиво импортное,Пиво,Пиво
8090300060,AMSTEL светлое   пиво0.5L,Пиво импортное,Пиво,Пиво
8090300061,HEINEKEN светл. пиво0.65L,Пиво импортное,Пиво,Пиво
8090300062,HEINEKEN св.ж/б пиво0.33L,Пиво импортное,Пиво,Пиво
8090300063,HEINEKEN светл.  пиво0.5L,Пиво импортное,Пиво,Пиво
8090300064,BUDWEISER свет. пиво0.33L,Пиво импортное,Пиво,Пиво
8090300065,BUDWEISER светл. пиво0.5L,Пиво импортное,Пиво,Пиво
8090300066,SOL 4.5%светлое пиво0.33L,Пиво импортное,Пиво,Пиво
8090300067,пиво/0.5л/свет/SOL,Пиво импортное,Пиво,Пиво
8090300068,пиво/0.94л/свет/SOL,Пиво импортное,Пиво,Пиво
8090300069,пиво/0.33л/свет/DOS EQUIS,Пиво импортное,Пиво,Пиво
8090300070,АСАХИсупер драй пиво0.33L,Пиво импортное,Пиво,Пиво
8090300071,пиво/0.75л/свет/DE KONINC,Пиво импортное,Пиво,Пиво
8090300072,пиво/0.75л/свет/DE KONINC,Пиво импортное,Пиво,Пиво
8090300073,FRANZ H-W свет. пиво0.33L,Пиво импортное,Пиво,Пиво
8090300074,пиво/0.5л/свет/ASAHI SUP,Пиво импортное,Пиво,Пиво
8090300075,пиво/0.5л/свет/FRANZ H-W,Пиво импортное,Пиво,Пиво
8090300076,пиво/0.5л/свет/FRANZ W-K,Пиво импортное,Пиво,Пиво
8090300077,пиво/0.5л/темное/FRANZ H-,Пиво импортное,Пиво,Пиво
8090300078,пиво/0.33л/свет/LOWENBRAU,Пиво импортное,Пиво,Пиво
8090300079,пиво/0.25л/свет/KRONENBOU,Пиво импортное,Пиво,Пиво
8090300080,пиво/0.33л/свет/KRONENBOU,Пиво импортное,Пиво,Пиво
8090300081,DESPERADOS свет.пиво0.33L,Пиво импортное,Пиво,Пиво
8090300082,ZIPFER светлое  пиво0.33L,Пиво импортное,Пиво,Пиво
8090300083,ZIPFER светлое  пиво0.66L,Пиво импортное,Пиво,Пиво
8090300084,ZIPFER светлое     пиво5L,Пиво импортное,Пиво,Пиво
8090300085,пиво/0.33л/kirin lchib/KI,Пиво импортное,Пиво,Пиво
8090300086,пиво/0.33л/carlsberg gree,Пиво импортное,Пиво,Пиво
8090300087,KIRIN PREM.LAG. пиво0.33L,Пиво импортное,Пиво,Пиво
8090300088,пиво/0.33л/orignal/SPENDR,Пиво импортное,Пиво,Пиво
8090300089,пиво/0.33л/orignal/SPENDR,Пиво импортное,Пиво,Пиво
8090300090,SPENDR.OLD GOLD пиво0.33L,Пиво импортное,Пиво,Пиво
8090300091,MURPHY'S IR.RED пиво0.33L,Пиво импортное,Пиво,Пиво
8090300092,MURPHY'S IRISH   пиво0.5L,Пиво импортное,Пиво,Пиво
8090300093,пиво/0.5л/вайшт жб/WARSTE,Пиво импортное,Пиво,Пиво
8090300094,PAULANER   ж/бочка пиво5L,Пиво импортное,Пиво,Пиво
8090300095,PAULANER оригин.пиво0.33L,Пиво импортное,Пиво,Пиво
8090300096,пиво/0.473л/хакер-пшорр/H,Пиво импортное,Пиво,Пиво
8090300097,пиво/0.473л/хакер-пшорр/H,Пиво импортное,Пиво,Пиво
8090300098,пиво/0.25л/бавар/BAVARIA,Пиво импортное,Пиво,Пиво
8090300099,KRUSOVICE cerne пиво0.33L,Пиво импортное,Пиво,Пиво
8090300100,KRUSOVICE темное пиво0.5L,Пиво импортное,Пиво,Пиво
8090300101,STAROPRAMEN тем.пиво0.33L,Пиво импортное,Пиво,Пиво
8090300102,пиво/0.33л/гиннесс форин,Пиво импортное,Пиво,Пиво
8090300103,пиво/0.33л/килкенни/GUINN,Пиво импортное,Пиво,Пиво
8090300104,GUINNESS        пиво0.33L,Пиво импортное,Пиво,Пиво
8090300105,пиво/0.5л/шпитцвиг/ЭКСПОР,Пиво импортное,Пиво,Пиво
8090300106,пиво/2л/ремеркруг/ЭКСПОРТ,Пиво импортное,Пиво,Пиво
8090300107,пиво/2л/дойчлэнд/ЭКСПОРТ,Пиво импортное,Пиво,Пиво
8090300108,пиво/1л/леопольд/ЭКСПОРТ,Пиво импортное,Пиво,Пиво
8090300109,пиво/1л/альменрауш/ЭКСПОР,Пиво импортное,Пиво,Пиво
8090300110,пиво/2л/трак комби/ЭКСПОР,Пиво импортное,Пиво,Пиво
8090300111,пиво/2л/трак комби2/ЭКСПО,Пиво импортное,Пиво,Пиво
8090300112,пиво/2л/трак комби3/ЭКСПО,Пиво импортное,Пиво,Пиво
8090300113,пиво/0.5л/байерн/ЭКСПОРТ,Пиво импортное,Пиво,Пиво
8090300114,пиво/0.5л/штайн бир/ALTEN,Пиво импортное,Пиво,Пиво
8090300115,пиво/0.5л/штайн вайзен/AL,Пиво импортное,Пиво,Пиво
8090300116,пиво/0.5л/вайзен хель/ALT,Пиво импортное,Пиво,Пиво
8090300117,пиво/0.5л/дюнкель вайзен/,Пиво импортное,Пиво,Пиво
8090300118,пиво/0.5л/пшенич кристал/,Пиво импортное,Пиво,Пиво
8090300119,пиво/0.33л/первая леди/,Пиво импортное,Пиво,Пиво
8090300120,пиво/0.5л/вайзен хель/ALT,Пиво импортное,Пиво,Пиво
8090300121,пиво/0.5л/ангельское/креп,Пиво импортное,Пиво,Пиво
8090300122,STAROPRAM.светл.пиво0.33L,Пиво импортное,Пиво,Пиво
8090300123,BITBURGER светл. пиво0.5L,Пиво импортное,Пиво,Пиво
8090300124,ЗОЛОТОЙ ФАЗАН св.пиво0.5L,Пиво импортное,Пиво,Пиво
8090300125,ЗОЛОТОЙ ФАЗАНтем.пиво0.5L,Пиво импортное,Пиво,Пиво
8090300126,пиво/0.5л/эрдингер крист/,Пиво импортное,Пиво,Пиво
8090300127,SPIRIT OF HEMP  пиво0.33L,Пиво импортное,Пиво,Пиво
8090300128,пиво/0.75л/шимей премьер/,Пиво импортное,Пиво,Пиво
8090300129,пиво/0.33л/шимей перес си,Пиво импортное,Пиво,Пиво
8090300130,пиво/0.33л/шимей перес кр,Пиво импортное,Пиво,Пиво
8090300131,пиво/0.33л/шимей пере бел,Пиво импортное,Пиво,Пиво
8090300132,пиво/0.5л/kostritzer темн,Пиво импортное,Пиво,Пиво
8090300133,пиво/0.33л/kostritzer тем,Пиво импортное,Пиво,Пиво
8090300134,пиво/0.33л/erdinger cветл,Пиво импортное,Пиво,Пиво
8090300135,пиво/0.33л/erdinger пикан,Пиво импортное,Пиво,Пиво
8090300136,пиво/0.5л/erdinger темное,Пиво импортное,Пиво,Пиво
8090300137,пиво/0.33л/erdinger светл,Пиво импортное,Пиво,Пиво
8090300138,ERDINGER светлое пиво0.5L,Пиво импортное,Пиво,Пиво
8090300139,BITBURGER светл.пиво0.33L,Пиво импортное,Пиво,Пиво
8090300140,SAPPORO светлое пиво0.33L,Пиво импортное,Пиво,Пиво
8090300141,пиво/2л/altenmunster/РЕМЕ,Пиво импортное,Пиво,Пиво
8090300142,пиво/2л/rauchenfelzer/КОП,Пиво импортное,Пиво,Пиво
8090300143,пиво/3л/combi set/набор п,Пиво импортное,Пиво,Пиво
8090300144,пиво/0.5л/огнен серия/FRA,Пиво импортное,Пиво,Пиво
8090300145,пиво/0.5л/юбельбир/FRANZ,Пиво импортное,Пиво,Пиво
8090300146,пиво/3л/в рюкзаке/FRISCHE,Пиво импортное,Пиво,Пиво
8090300147,пиво/0.5л/hopf пшен легк/,Пиво импортное,Пиво,Пиво
8090300148,пиво/0.33л/hopf пшен свет,Пиво импортное,Пиво,Пиво
8090300149,пиво/0.33л/hopf свет нефи,Пиво импортное,Пиво,Пиво
8090300150,пиво/0.5л/hopf темн нефил,Пиво импортное,Пиво,Пиво
8090300151,пиво/0.5л/hopf свет пшени,Пиво импортное,Пиво,Пиво
8090300152,пиво/0.5л/hopf креп пшени,Пиво импортное,Пиво,Пиво
8090300153,пиво/0.5л/шпатен мюнхен,Пиво импортное,Пиво,Пиво
8090300154,пиво/0.33л/шпатен мюнхен,Пиво импортное,Пиво,Пиво
8090300155,ВАРШТАЙНЕР светл.пиво0.5L,"Пиво отечествен.емк.0,5л и менее",Пиво,Пиво
8090300156,KELT светлое     пиво0.5L,Пиво импортное,Пиво,Пиво
8090300157,пиво/0.33л/foster's/ice,Пиво импортное,Пиво,Пиво
8090300158,пиво/0.33л/бан/LAPIN KULT,Пиво импортное,Пиво,Пиво
8090300159,пиво/0.33л/бут/5.2%,Пиво импортное,Пиво,Пиво
8090300160,пиво/0.33л/бут/7.0%,Пиво импортное,Пиво,Пиво
8090300161,пиво/0.5л/бан/5.2%LAPIN K,Пиво импортное,Пиво,Пиво
8090300162,пиво/0.5л/7.0% /LAPIN K,Пиво импортное,Пиво,Пиво
8090300163,KRUSOVICE св.ж/б пиво0.5L,Пиво импортное,Пиво,Пиво
8090300164,HEINEKEN светл.  пиво1.5L,Пиво импортное,Пиво,Пиво
8090300165,STAROPRAMEN ж/б  пиво0.5L,Пиво импортное,Пиво,Пиво
8090300166,ЗОЛОТОЙ ФАЗАНсв.пиво0.33L,Пиво импортное,Пиво,Пиво
8090300167,пиво/2л/берл кувшин/БББ,Пиво импортное,Пиво,Пиво
8090300168,пиво/2л/Бернауер кувш/БББ,Пиво импортное,Пиво,Пиво
8090300169,пиво/0.5л/4.9%/тем/ягдсер,Пиво импортное,Пиво,Пиво
8090300170,пиво/0.5л/золот ангел/ори,Пиво импортное,Пиво,Пиво
8090300171,пиво/0.5л/золот пильснер,Пиво импортное,Пиво,Пиво
8090300172,пиво/0.33л/ангел/светлое,Пиво импортное,Пиво,Пиво
8090300173,пиво/0.33л/нов ангел/свет,Пиво импортное,Пиво,Пиво
8090300174,пиво/0.5л/копч св/раухбир,Пиво импортное,Пиво,Пиво
8090300175,пиво/0.5л/копч/пшен/св/ос,Пиво импортное,Пиво,Пиво
8090300176,пиво/5л/копч/св/бочка,Пиво импортное,Пиво,Пиво
8090300177,пиво/5*0.33л/набор,Пиво импортное,Пиво,Пиво
8090300178,пиво/4шт/набор,Пиво импортное,Пиво,Пиво
8090300179,пиво/1.5л/свет/GROLSCH,Пиво импортное,Пиво,Пиво
8090300180,пиво/0.25л/бавар/BAVARIA,Пиво импортное,Пиво,Пиво
8090300181,пиво/0.5л/erding б/а/weis,Пиво импортное,Пиво,Пиво
8090300182,пиво/0.5л/erding пш светл,Пиво импортное,Пиво,Пиво
8090300183,пиво/0.33л/tsingtao beer,Пиво импортное,Пиво,Пиво
8090300184,пиво/2л/роткелхен ббб/вре,Пиво импортное,Пиво,Пиво
8090300185,пиво/0.5л/алтенмюнстер те,Пиво импортное,Пиво,Пиво
8090300186,HEINEKEN светл.    пиво3L,Пиво импортное,Пиво,Пиво
8090300187,пиво/0.5л/эдельвейс,Пиво импортное,Пиво,Пиво
8090300188,пиво/5л/грольш/прем/бочон,Пиво импортное,Пиво,Пиво
8090300189,пиво/0.355л/Bud 5%,Пиво импортное,Пиво,Пиво
8090300190,PERONIнастро адз.пив0.33L,Пиво импортное,Пиво,Пиво
8090300191,пиво/0.33л/гран ризерва/P,Пиво импортное,Пиво,Пиво
8090300192,PERONI светлое  пиво0.33L,Пиво импортное,Пиво,Пиво
8090300193,пиво/5л/францисканер,Пиво импортное,Пиво,Пиво
8090300194,FAX ж/б            пиво1L,Пиво импортное,Пиво,Пиво
8090300195,STAROBRNO свет. пиво0.33L,Пиво импортное,Пиво,Пиво
8090300196,СТАРОБРОНО       пиво0.5L,Пиво импортное,Пиво,Пиво
8090300197,пиво/0.5л/фосрерс 5%,Пиво импортное,Пиво,Пиво
8090300198,пиво/0.5л/свет/GROLSCH PR,Пиво импортное,Пиво,Пиво
8090300199,пиво/0.5л/пшен/FRANZ H-W,Пиво импортное,Пиво,Пиво
8090300200,пиво/0.25л/бавар ябл/б/аB,Пиво импортное,Пиво,Пиво
8090300201,пиво/0.5л/шпатен мюнхен,Пиво импортное,Пиво,Пиво
8090300203,GUNNESS капс.ж/б пив0.44L,Пиво импортное,Пиво,Пиво
8090300204,пиво/0.75л/сатан ред/ДЕ Б,Пиво импортное,Пиво,Пиво
8090300205,пиво/0.75л/траппист трипе,Пиво импортное,Пиво,Пиво
8090300206,пиво/1.5л/Бонсекьюр Бруне,Пиво импортное,Пиво,Пиво
8090300207,пиво/3л/янтар Бонсекьюр А,Пиво импортное,Пиво,Пиво
8090300208,пиво/0.33л+1бок/хаахт/,Пиво импортное,Пиво,Пиво
8090300209,пиво/0.33л/адмирал/ЭЛЬРОС,Пиво импортное,Пиво,Пиво
8090300210,пиво/0.33л/самиклаусбир/Э,Пиво импортное,Пиво,Пиво
8090300211,пиво/0.33л/урбок 23/ЭГГЕН,Пиво импортное,Пиво,Пиво
8090300212,пиво/6л/янтар Бонсекьюр А,Пиво импортное,Пиво,Пиво
8090300213,пиво/0.5л/роткелхен/свет,Пиво импортное,Пиво,Пиво
8090300214,пиво/0.5л/шварцбир/темн/Б,Пиво импортное,Пиво,Пиво
8090300215,пиво/4бут+1бок/бостелс/PA,Пиво импортное,Пиво,Пиво
8090300216,пиво/2бут/хиршбрауерай,Пиво импортное,Пиво,Пиво
8090300217,пиво/4бут+1бок/бонсекьюр,Пиво импортное,Пиво,Пиво
8090300218,пиво/0.33л*5/бонсекьюр,Пиво импортное,Пиво,Пиво
8090300219,пиво/2бут+1бок/вестмалле,Пиво импортное,Пиво,Пиво
8090300220,пиво/6бут+1бок/хет капите,Пиво импортное,Пиво,Пиво
8090300221,пиво/2бут+2бок/радер амбр,Пиво импортное,Пиво,Пиво
8090300222,пиво/2бут+2бок/вестмал тр,Пиво импортное,Пиво,Пиво
8090300223,пиво/2бут+2ст/Валь Дью,Пиво импортное,Пиво,Пиво
8090300224,пиво/6бут+1бок/вестмалле,Пиво импортное,Пиво,Пиво
8090300225,пиво/4бут+1бок/делириум,Пиво импортное,Пиво,Пиво
8090300226,пиво/2бут+1бок/дювель,Пиво импортное,Пиво,Пиво
8090300227,пиво/3бут/хиршбрауерай,Пиво импортное,Пиво,Пиво
8090300228,пиво/4бут+1круж/Шарль Кви,Пиво импортное,Пиво,Пиво
8090300229,пиво/4бут+1бок/трипель ка,Пиво импортное,Пиво,Пиво
8090300230,пиво/6бут/хиршбрауерай,Пиво импортное,Пиво,Пиво
8090300231,пиво/4бут/хиршбрауерай,Пиво импортное,Пиво,Пиво
8090300232,пиво/3бут+мод груз/хиршбр,Пиво импортное,Пиво,Пиво
8090300233,пиво/1.5л/трипель кармели,Пиво импортное,Пиво,Пиво
8090300234,пиво/4бут+1бок/Шарль Квин,Пиво импортное,Пиво,Пиво
8090300235,пиво/2л/королев замки/БББ,Пиво импортное,Пиво,Пиво
8090300236,BIRRA MORETTI   пиво0.33L,Пиво импортное,Пиво,Пиво
8090300237,KAPUZINER б/а пш.пиво0.5L,Пиво безалкогольное (все),Пиво,Пиво
8090300238,пиво/0.33л/EKU PILS,Пиво импортное,Пиво,Пиво
8090300239,пиво/5л/пшен нефил/Kapuzi,Пиво импортное,Пиво,Пиво
8090300240,пиво/5л/EKU PILS,Пиво импортное,Пиво,Пиво
8090300241,KRUSOVICEтем.ж/б пиво0.5L,Пиво импортное,Пиво,Пиво
8090300242,пиво/0.33л/кестрицер,Пиво импортное,Пиво,Пиво
8090300243,пиво/0.5л/кестрицер,Пиво импортное,Пиво,Пиво
8090300244,пиво/5л/моншхоф,Пиво импортное,Пиво,Пиво
8090300245,пиво/0.5л/моншхоф бок,Пиво импортное,Пиво,Пиво
8090300246,пиво/0.5л/моншхоф лагер,Пиво импортное,Пиво,Пиво
8090300247,пиво/0.5л/моншхоф оригина,Пиво импортное,Пиво,Пиво
8090300248,пиво/0.5л/моншхоф шварце,Пиво импортное,Пиво,Пиво
8090300249,пиво/0.3л/ораниебум,Пиво импортное,Пиво,Пиво
8090300250,пиво/0.5л/ораниебум,Пиво импортное,Пиво,Пиво
8090300251,пиво/0.66л/ораниебум,Пиво импортное,Пиво,Пиво
8090300252,пиво/0.44л/дабл даймонд,Пиво импортное,Пиво,Пиво
8090300253,пиво/0.5л/дабл даймонд,Пиво импортное,Пиво,Пиво
8090300254,пиво/0.44л/тетлиз инглиш,Пиво импортное,Пиво,Пиво
8090300255,KROMBACHER      пиво0.33L,Пиво импортное,Пиво,Пиво
8090300256,KROMBACHER       пиво0.5L,Пиво импортное,Пиво,Пиво
8090300257,KROMBACHER ж/б   пиво0.5L,Пиво импортное,Пиво,Пиво
8090300258,KROMBACHER бочка   пиво5L,Пиво импортное,Пиво,Пиво
8090300259,HEINEKEN ж/б    пиво0.33L,Пиво импортное,Пиво,Пиво
8090300260,АСАХИ ж/б       пиво0.33L,Пиво импортное,Пиво,Пиво
8090300262,HOLSTEN FEST     пиво0.5L,Пиво импортное,Пиво,Пиво
8090300263,PERONI светлое  пиво0.66L,Пиво импортное,Пиво,Пиво
8090300264,ZIPFER 5.4% ж/б  пиво0.5L,Пиво импортное,Пиво,Пиво
8090300265,DAB ORIGINAL 5%    пиво5L,Пиво импортное,Пиво,Пиво
8090300266,FAXE PREMIUM ж/б пиво0.5L,Пиво импортное,Пиво,Пиво
8090300267,STAROPRAM.GRANAT пив0.33L,Пиво импортное,Пиво,Пиво
8090300268,CHIMAYпод/наб фуж+6пив1ST,Пиво импортное,Пиво,Пиво
8090300269,GROL.AMBER п/т  пиво0.33L,Пиво импортное,Пиво,Пиво
8090300270,GUINNESS капс.  пиво0.33L,Пиво импортное,Пиво,Пиво
8090300271,BUDW.SAMSON свет.пиво0.5L,Пиво импортное,Пиво,Пиво
8090300272,PAULANERхеф-вайс пив0.33L,Пиво импортное,Пиво,Пиво
8090300273,CERES ROYAL ж/б  пиво0.5L,Пиво импортное,Пиво,Пиво
8090300274,TOPVAR дев.светл.пиво0.5L,Пиво импортное,Пиво,Пиво
8090300275,TOPVAR св.5.2%  пиво0.33L,Пиво импортное,Пиво,Пиво
8090300276,TOPVAR ж/б светл.пиво0.5L,Пиво импортное,Пиво,Пиво
8090300277,TOPVAR MILENIUM  пиво0.5L,Пиво импортное,Пиво,Пиво
8090300278,TOPVAR MARINA    пиво0.5L,Пиво импортное,Пиво,Пиво
8090300279,HANFBLUTE Appenz.пив0.33L,Пиво импортное,Пиво,Пиво
8090300280,BUD 5% св. паст.пиво0.33L,Пиво импортное,Пиво,Пиво
8090300281,MURPHY'S IRISH   пиво0.5L,Пиво импортное,Пиво,Пиво
8090300282,PILSNER уркв.КПК пиво0.5L,Пиво импортное,Пиво,Пиво
8090300283,VELTINSж/б светл.пиво0.5L,Пиво импортное,Пиво,Пиво
8090300284,VELTINS бочка свет.пиво5L,Пиво импортное,Пиво,Пиво
8090300285,VELTINS бут.св. пиво0.33L,Пиво импортное,Пиво,Пиво
8090300286,VELTINSбут.светл.пиво0.5L,Пиво импортное,Пиво,Пиво
8090300287,MAISEL'S WEISSE  пиво0.5L,Пиво импортное,Пиво,Пиво
8090300288,BAVARIA Pils     пиво0.5L,Пиво импортное,Пиво,Пиво
8090300289,BAVARIA Pils    пиво0.33L,Пиво импортное,Пиво,Пиво
8090300290,BAVARIA Pils ж/б пиво0.5L,Пиво импортное,Пиво,Пиво
8090300291,BECK'S          пиво0.33L,Пиво импортное,Пиво,Пиво
8090300292,TOPVAR св.5.0%  пиво0.33L,Пиво импортное,Пиво,Пиво
8090300293,ORANJB.Premium  пиво0.66L,Пиво импортное,Пиво,Пиво
8090300294,BISHOPS FINGER   пиво0.5L,Пиво импортное,Пиво,Пиво
8090300295,WHISTABLE BAY    пиво0.5L,Пиво импортное,Пиво,Пиво
8090300296,SPITFIRE Эль     пиво0.5L,Пиво импортное,Пиво,Пиво
8090300297,TOPVAR   дев.    пиво0.5L,Пиво импортное,Пиво,Пиво
8090300298,KOZEL ORIGINAL   пиво0.5L,Пиво импортное,Пиво,Пиво
8090300299,ЧЕРНИГОВСКОЕ белое пиво1L,Пиво импортное,Пиво,Пиво
8090300300,ЧЕРНИГОВСКОЕ крепк.пиво1L,Пиво импортное,Пиво,Пиво
8090300301,ЧЕРНИГОВСКОЕ светл.пиво1L,Пиво импортное,Пиво,Пиво
8090300302,TOPVAR SAMARITAN пиво0.5L,Пиво импортное,Пиво,Пиво
8090300303,COORS ORIGINAL  пиво0.33L,Пиво импортное,Пиво,Пиво
8090300304,COORS       б/а пиво0.33L,Пиво импортное,Пиво,Пиво
8090300305,STRONG SUF.эль   пиво0.5L,Пиво импортное,Пиво,Пиво
8090300306,BERNARD светлое  пиво0.5L,Пиво импортное,Пиво,Пиво
8090300307,BERNARD темное   пиво0.5L,Пиво импортное,Пиво,Пиво
8090300308,SAPPORO св.ж/б   пиво0.5L,Пиво импортное,Пиво,Пиво
8090300309,CHRIS.ROB.п/тем.   пиво2L,Пиво импортное,Пиво,Пиво
8090300310,CHRIS.BL.светлое   пиво2L,Пиво импортное,Пиво,Пиво
8090300311,HACKER-PSCHORR   пиво0.5L,Пиво импортное,Пиво,Пиво
8090300312,FAXE AMBER   ж/б пиво0.5L,Пиво импортное,Пиво,Пиво
8090300313,FAXE RED ж/б     пиво0.5L,Пиво импортное,Пиво,Пиво
8090300314,PRIMATOR premium пиво0.5L,Пиво импортное,Пиво,Пиво
8090300315,PRIMATOR weizenb.пиво0.5L,Пиво импортное,Пиво,Пиво
8090300316,DUCKSTEIN        пиво0.5L,Пиво импортное,Пиво,Пиво
8090300317,HOLSTEN бочка      пиво5L,Пиво импортное,Пиво,Пиво
8090300318,BUDWEISER burg. пиво0.33L,Пиво импортное,Пиво,Пиво
8090300319,BUDW.SAMSON темн.пиво0.5L,Пиво импортное,Пиво,Пиво
8090300320,BIRRA MORETTI   пиво0.66L,Пиво импортное,Пиво,Пиво
8090300321,BLAN.D'BRUXELLESпиво0.33L,Пиво импортное,Пиво,Пиво
8090300322,BLAN.D'BRUXELLESпиво0.75L,Пиво импортное,Пиво,Пиво
8090300323,BUDWEISER burg.  пиво0.5L,Пиво импортное,Пиво,Пиво
8090300324,LEFFE BRUNE     пиво0.33L,Пиво импортное,Пиво,Пиво
8090300325,PATRONA         пиво0.33L,Пиво импортное,Пиво,Пиво
8090300326,GUINNESS ж/б     пиво0.5L,Пиво импортное,Пиво,Пиво
8090300327,GUINNESS бут.    пиво0.5L,Пиво импортное,Пиво,Пиво
8090400001,БАЛТИКА0 б/а св. пиво0.5L,Пиво безалкогольное (все),Пиво,Пиво
8090400002,WARSTEINER б/а  пиво0.33L,Пиво безалкогольное (все),Пиво,Пиво
8090400003,BECKS б/а       пиво0.33L,Пиво безалкогольное (все),Пиво,Пиво
8090400004,пиво/0.33л/паул том б/а/P,Пиво безалкогольное (все),Пиво,Пиво
8090400005,пиво/0.33л/бавар б/а/BAVA,Пиво безалкогольное (все),Пиво,Пиво
8090400006,BAVARIA б/а ж/б  пиво0.5L,Пиво безалкогольное (все),Пиво,Пиво
8090400007,BAVARIA б/а     пиво0.25L,Пиво безалкогольное (все),Пиво,Пиво
8090400008,BAVARIA б/а     пиво0.33L,Пиво безалкогольное (все),Пиво,Пиво
8090400009,BAVARIA б/а      пиво0.5L,Пиво безалкогольное (все),Пиво,Пиво
8090400010,БОЧКАРЕВ б/а     пиво0.5L,Пиво безалкогольное (все),Пиво,Пиво
8090400011,пиво/0.355л/свет б/а/GROL,Пиво безалкогольное (все),Пиво,Пиво
8090400012,СОКОЛ б/а светлое пив0.5L,Пиво безалкогольное (все),Пиво,Пиво
8090400013,пиво/0.5л/свет/Б МЕДВ Б/А,Пиво безалкогольное (все),Пиво,Пиво
8090400014,BUCKLERсвет.б/а пиво0.33L,Пиво безалкогольное (все),Пиво,Пиво
8090400015,пиво/0.5л/б/а/бел медведь,Пиво безалкогольное (все),Пиво,Пиво
8090400016,HOLSTEN б/а     пиво0.33L,Пиво безалкогольное (все),Пиво,Пиво
8090400017,HOLSTEN б/а ж/б  пиво0.5L,Пиво безалкогольное (все),Пиво,Пиво
8090400018,БАЛТИКА0 б/а ж/б пиво0.5L,Пиво безалкогольное (все),Пиво,Пиво
8090400019,пиво/0.33л/б/а кенигсберг,Пиво безалкогольное (все),Пиво,Пиво
8090400020,пиво/0.33л/б/а/BITBURGER,Пиво безалкогольное (все),Пиво,Пиво
8090400021,пиво/0.33л/б/а/JEVER,Пиво безалкогольное (все),Пиво,Пиво
8090400022,пиво/0.5л/кенигсберг/б/а,Пиво безалкогольное (все),Пиво,Пиво
8090400023,пиво/0.5л/б/а/СОКОЛ,Пиво безалкогольное (все),Пиво,Пиво
8090400024,KAPUZINER пшенич.пиво0.5L,Пиво импортное,Пиво,Пиво
8090400025,пиво/0.33л/б/а/БОЧКАРЕВ,Пиво безалкогольное (все),Пиво,Пиво
8090400026,КЛИНСКОЕ б/а     пиво0.5L,Пиво безалкогольное (все),Пиво,Пиво
8090400027,СОЛОДОВ б/а      пиво0.5L,Пиво безалкогольное (все),Пиво,Пиво
8090400028,АФАНАСИЙ б/а     пиво0.5L,Пиво безалкогольное (все),Пиво,Пиво
8090400029,БАЛТИКА0б/а ж/б пив6*0.5L,Пиво безалкогольное (все),Пиво,Пиво
8090400030,ВАРШТАЙНЕРсв.ж/б.пиво0.5L,Пиво импортное,Пиво,Пиво
8090400031,EDELWEISS темное пиво0.5L,Пиво импортное,Пиво,Пиво
8090400032,"PAULANER х-в. б/а пив0,5L",Пиво безалкогольное (все),Пиво,Пиво
8090400033,ОБОЛОНЬ б/а      пиво0.5L,Пиво безалкогольное (все),Пиво,Пиво
8090400034,FERDINAND лаг.св.пиво0.5L,Пиво импортное,Пиво,Пиво
8090400035,FERDINANDлаг.тем.пиво0.5L,Пиво импортное,Пиво,Пиво
8090400036,KRUSOVICE набор   пивн1ST,Пиво импортное,Пиво,Пиво
8090400037,BRUEGEL amb.ale пиво0.33L,Пиво импортное,Пиво,Пиво
8090400038,PIRAAT св/фильт.пиво0.33L,Пиво импортное,Пиво,Пиво
8090400039,DUVEL 8.5% фил. пиво0.33L,Пиво импортное,Пиво,Пиво
8090400040,RUD.COUN.эль     пиво0.5L,Пиво импортное,Пиво,Пиво
8090400041,ABBOT ALE эль    пиво0.5L,Пиво импортное,Пиво,Пиво
8090400042,HENS TOOTHтем.эль пив0.5L,Пиво импортное,Пиво,Пиво
8090400043,TOPVAR б/а светл.пиво0.5L,Пиво безалкогольное (все),Пиво,Пиво
8090400044,BAVARIA б/а Рос. пиво0.5L,Пиво безалкогольное (все),Пиво,Пиво
8090400045,НЕВСК.кронв.б/а  пиво0.5L,Пиво безалкогольное (все),Пиво,Пиво
8090400046,BUCKLERсвет.б/а пиво0.33L,Пиво безалкогольное (все),Пиво,Пиво
8090400047,БАВАРИЯ malt    пиво0.33L,Пиво безалкогольное (все),Пиво,Пиво
8090400048,НЕВСК.кронв. ж/б пиво0.5L,Пиво безалкогольное (все),Пиво,Пиво
8090400049,ЯРПИВО б/а ж/б   пиво0.5L,Пиво безалкогольное (все),Пиво,Пиво
8090400050,ЯРПИВО б/а стекл.пиво0.5L,Пиво безалкогольное (все),Пиво,Пиво
8090400051,КОТАЙК б/а стек. пиво0.5L,Пиво безалкогольное (все),Пиво,Пиво
8090500001,ОЧАКОВО классич/кег пивоL,Пиво в кегах,Пиво,Пиво
8090500002,ЯЧМ.КОЛОС светл/кег пивоL,Пиво в кегах,Пиво,Пиво
8090500003,BUDWEISER 5.0% бочк.пивоL,Пиво в кегах,Пиво,Пиво
8090500004,GESSER 5.1%    бочк.пивоL,Пиво в кегах,Пиво,Пиво
8090500005,ПИТ            бочк.пивоL,Пиво в кегах,Пиво,Пиво
